episode,step,sim_seconds,phase,error_rad,q1,q2,q3,q4,q5,q6
start-1-home,1,0.05,home,0.5155479851178296,0.5155479851178296,0.3481814259556058,0.06397364710817972,-0.02263038837950697,-0.020639902688335706,-0.06408547351784927
start-1-home,2,0.1,home,0.29151954250275447,0.29151954250275447,0.08333319035902839,0.009099513488704329,-0.0032189662832199993,-0.002949244458605415,-0.009115677687943347
start-1-home,3,0.15,home,0.045585885891776506,-0.003949603063177945,-0.045585885891776506,0.001291358831674173,-0.0004578709848847205,-0.00042145601775801,-0.0012966298230702605
start-1-home,4,0.2,home,0.17689150918132512,-0.17689150918132512,-0.0057468549648304395,0.00018368514931064886,-6.510321825856207e-05,0.0027890573277869384,-0.00018445807338353967
start-1-home,5,0.25,home,0.21012813209255252,-0.21012813209255252,0.0005060938451733667,2.6127698397767002e-05,-9.253717512343205e-06,0.0021011920001612933,-2.6243695185850437e-05
start-1-home,6,0.3,home,0.1047009325688942,-0.1047009325688942,0.0010954312808076332,3.7164497300225466e-06,-1.3158020235282987e-06,0.0016168875778758778,-3.7333677181105383e-06
start-1-home,7,0.35,home,0.011353100202231542,0.011353100202231542,0.001155655583061773,5.286343399061435e-07,-1.8710780434782867e-07,0.0015176022276377882,-5.310897201694041e-07
start-1-home,8,0.4,home,0.0065468892079691265,0.0065468892079691265,0.001163324722915623,7.519387739058123e-08,-2.6608477260435214e-08,0.0015023243030284656,-7.55484795781666e-08
start-1-home,9,0.45,home,0.001499967945945778,0.0009312410264986095,0.0011642733261337977,1.0695709246262521e-08,-3.7842546306092936e-09,0.001499967945945778,-1.0746628782857622e-08
start-1-home,10,0.5,home,0.001499613543175504,0.00013246136017977723,0.001164393322445465,1.5213764773198076e-09,-5.381963304387237e-10,0.001499613543175504,-1.5286876159519946e-09
start-1-home,11,0.55,home,0.0014995611335940201,1.884153666064631e-05,0.0011644088385997736,2.1640326380250556e-10,-7.65422318318008e-11,0.0014995611335940201,-2.1745291863566098e-10
start-1-home,12,0.6,home,0.0014995535133931546,2.68005328687975e-06,0.0011644109171867485,3.0781580500676854e-11,-1.088582908800461e-11,0.0014995535133931546,-3.093226560845991e-11
start-1-home,13,0.65,home,0.001499552416595096,3.8121548947305765e-07,0.001164411202834695,4.3784260693491e-12,-1.548181600429928e-12,0.001499552416595096,-4.4000561275826646e-12
start-1-home,14,0.7,home,0.0014995522595956437,5.422476117381046e-08,0.0011644112426968365,6.227953092626154e-13,-2.2018224323134926e-13,0.0014995522595956437,-6.258996350104149e-13
start-1-home,15,0.75,home,0.0014995522371882024,7.713025324391304e-09,0.0011644112483080804,8.858767742848459e-14,-3.1314298155640865e-14,0.0014995522371882024,-8.903303464355093e-14
start-1-home,16,0.8,home,0.0014995522339951732,1.0971142770734236e-09,0.0011644112491017453,1.2601006769113852e-14,-4.45351657149535e-15,0.0014995522339951732,-1.2664780013240933e-14
start-1-home,17,0.85,home,0.0014995522335405408,1.5605546284822787e-10,0.0011644112492142855,1.7925230314610256e-15,-6.333787126270946e-16,0.0014995522335405408,-1.801540877587996e-15
start-1-home,18,0.9,home,0.001499552233475847,2.2197603288629563e-11,0.0011644112492302729,2.550954388186474e-16,-9.007906160590319e-17,0.001499552233475847,-2.562657623392325e-16
start-1-home,19,0.95,home,0.001499552233466651,3.1574261020163242e-12,0.0011644112492325517,3.6520280845569723e-17,-1.2811035764374957e-17,0.001499552233466651,-3.6453316815643825e-17
start-1-home,20,1.0,home,0.0014995522334653377,4.491178376360002e-13,0.0011644112492328715,5.063961814523623e-18,-1.82198431498918e-18,0.0014995522334653377,-5.185414871655441e-18
start-1-home,21,1.05,home,0.0014995522334651519,6.388331050850818e-14,0.001164411249232918,2.0673608178856385e-19,-2.591224398352482e-19,0.0014995522334651519,-7.376153805080241e-19
start-1-home,22,1.1,home,0.001499552233465119,9.086874355751809e-15,0.0011644112492329194,-2.456038167501043e-20,-3.6852369295208465e-20,0.001499552233465119,-1.0492438083086553e-19
start-1-home,23,1.15,home,0.00149955223346511,1.2925329777046936e-15,0.0011644112492329164,-4.87153308602159e-19,-5.241140533895349e-21,0.00149955223346511,-1.4925292891840456e-20
start-1-home,24,1.2,home,0.0014995522334651065,1.8385216225601163e-16,0.001164411249232914,-7.184497720657333e-19,-7.453945193078425e-22,0.0014995522334651065,-2.1230944054913785e-21
start-1-home,25,1.25,home,0.0014995522334651165,2.6151454662477175e-17,0.0011644112492329225,-7.184497720657333e-19,-1.0600993921531596e-22,0.0014995522334651165,-3.0200612125504726e-22
start-1-home,26,1.3,home,0.001499552233465118,3.719828869954105e-18,0.0011644112492329233,-4.87153308602159e-19,-1.5076723696351583e-23,0.001499552233465118,-4.2959793137544924e-23
start-1-home,27,1.35,home,0.0014995522334651195,5.291149957173844e-19,0.0011644112492329246,-7.184497720657333e-19,-2.1442102419707298e-24,0.0014995522334651195,-6.110948355881502e-24
start-1-home,28,1.4,home,0.0014995522334651126,7.526224686147453e-20,0.0011644112492329186,-7.184497720657333e-19,-3.049493812044618e-25,0.0014995522334651126,-8.692707006175352e-25
start-1-home,29,1.45,home,0.0014995522334651113,1.0705434260006113e-20,0.0011644112492329181,-7.184497720657333e-19,-4.3369872634820115e-26,0.0014995522334651113,-1.2365209134316478e-25
start-1-home,30,1.5,home,0.0014995522334651107,1.5227597829522688e-21,0.001164411249232917,-7.184497720657333e-19,-6.168059252778829e-27,0.0014995522334651107,-1.758927287892447e-26
start-1-home,31,1.55,home,0.0014995522334651109,2.166000276363229e-22,0.0011644112492329175,-7.184497720657333e-19,-8.772208133050169e-28,0.0014995522334651109,-2.5020403158917226e-27
start-1-home,32,1.6,home,0.0014995522334651156,3.080956858545606e-23,0.001164411249232921,-7.184497720657333e-19,-1.2475826248719146e-28,0.0014995522334651156,-3.5591043076745075e-28
start-1-home,33,1.65,home,0.001499552233465113,4.382407180554123e-24,0.0011644112492329194,-7.184497720657333e-19,-1.7743108488562128e-29,0.001499552233465113,-5.062757494720907e-29
start-1-home,34,1.7,home,0.0014995522334651033,6.233612990359379e-25,0.0011644112492329114,-2.558568451385848e-19,-2.523423239157063e-30,0.0014995522334651033,-7.201675199428228e-30
start-1-home,35,1.75,home,0.001499552233465117,8.866800667447911e-26,0.0011644112492329222,-7.184497720657333e-19,-3.588810183963199e-31,0.001499552233465117,-1.0244244421321635e-30
start-1-home,36,1.8,home,0.0014995522334651232,1.2612293095163602e-26,0.0011644112492329277,-9.497462355293075e-19,-5.104002506058444e-32,0.0014995522334651232,-1.4572240476619187e-31
start-1-home,37,1.8499999999999999,home,0.0014995522334651167,1.7939947347891516e-27,0.001164411249232922,-7.184497720657333e-19,-7.258907617418442e-33,0.0014995522334651167,-2.0728731364411073e-32
start-1-home,38,1.9,home,0.0014995522334651222,2.551809638553686e-28,0.0011644112492329264,-7.184497720657333e-19,-1.0323611662760426e-33,0.0014995522334651222,-2.9486220796954183e-33
start-1-home,39,1.95,home,0.001499552233465105,3.6297388755596945e-29,0.0011644112492329131,-7.184497720657333e-19,-1.4682230905930417e-34,0.001499552233465105,-4.19435803358238e-34
start-1-home,40,2.0,home,0.001499552233465105,5.1630043658792794e-30,0.0011644112492329127,-4.871533086021591e-19,-2.088105514008502e-35,0.001499552233465105,-5.966393347052334e-35
start-1-home,41,2.05,home,0.0014995522334651124,7.343948145021957e-31,0.0011644112492329188,-7.184497720657333e-19,-2.9697017200937945e-36,0.0014995522334651124,-8.48707930367781e-36
start-1-home,42,2.1,home,0.0014995522334651096,1.0446160904528028e-31,0.0011644112492329168,-7.184497720657333e-19,-4.223507024508064e-37,0.0014995522334651096,-1.2072706287415152e-36
start-1-home,43,2.15,home,0.0014995522334651156,1.48588028521451e-32,0.0011644112492329214,-7.184497720657333e-19,-6.006667762452384e-38,0.0014995522334651156,-1.7173191224783692e-37
start-1-home,44,2.2,home,0.0014995522334651159,2.1135422306500086e-33,0.001164411249232922,-4.87153308602159e-19,-8.542677305622722e-39,0.0014995522334651159,-2.4428532197569545e-38
start-1-home,45,2.25,home,0.0014995522334651083,3.006339612410174e-34,0.001164411249232915,-7.184497720657333e-19,-1.2149387719430676e-39,0.0014995522334651083,-3.474911402772667e-39
start-1-home,46,2.3,home,0.0014995522334651133,4.2762702983059405e-35,0.0011644112492329194,-7.184497720657333e-19,-1.7278847915779245e-40,0.0014995522334651133,-4.942994140408589e-40
start-1-home,47,2.35,home,0.001499552233465106,6.082642023769233e-36,0.001164411249232914,-4.87153308602159e-19,-2.457396143658095e-41,0.001499552233465106,-7.031313327385633e-41
start-1-home,48,2.4,home,0.0014995522334651152,8.652056911362631e-37,0.0011644112492329207,-7.184497720657333e-19,-3.4949065101428e-42,0.0014995522334651152,-1.0001906793706324e-41
start-1-home,49,2.45,home,0.0014995522334651033,1.2306837802539083e-37,0.0011644112492329114,-4.871533086021591e-19,-4.97045278848138e-43,0.0014995522334651033,-1.4227518242301155e-42
start-1-home,50,2.5,home,0.001499552233465113,1.7505462371502977e-38,0.001164411249232919,-7.184497720657333e-19,-7.068973333292871e-44,0.001499552233465113,-2.023836831668986e-43
start-1-home,51,2.55,home,0.0014995522334651072,2.4900077319357687e-39,0.0011644112492329144,-7.184497720657333e-19,-1.005348730053595e-44,0.0014995522334651072,-2.8788685528727236e-44
start-1-home,52,2.6,home,0.0014995522334651102,3.5418307574618896e-40,0.0011644112492329173,-7.184497720657333e-19,-1.4298060289127604e-45,0.0014995522334651102,-4.0951345199437347e-45
start-1-home,53,2.65,home,0.0014995522334651109,5.037962313774452e-41,0.0011644112492329177,-7.184497720657333e-19,-2.033468804606581e-46,0.0014995522334651109,-5.8252491496298e-46
start-1-home,54,2.7,home,0.0014995522334651191,7.16608613258318e-42,0.0011644112492329244,-7.184497720657333e-19,-2.8919974427935746e-47,0.0014995522334651191,-8.2863034639775e-47
start-1-home,55,2.75,home,0.0014995522334651152,1.0193166852237197e-42,0.001164411249232921,-7.184497720657333e-19,-4.112996073606367e-48,0.0014995522334651152,-1.178710519191479e-47
start-1-home,56,2.8,home,0.0014995522334651159,1.4498939665976843e-43,0.0011644112492329216,-4.871533086021591e-19,-5.849499190839289e-49,0.0014995522334651159,-1.6766927278597085e-48
start-1-home,57,2.85,home,0.0014995522334651048,2.062354658615604e-44,0.001164411249232913,-7.184497720657333e-19,-8.319152309219346e-50,0.0014995522334651048,-2.3850626878118065e-49
start-1-home,58,2.9,home,0.0014995522334651044,2.933529510363464e-45,0.0011644112492329131,-7.184497720657333e-19,-1.1831490677474647e-50,0.0014995522334651044,-3.3927051036177607e-50
start-1-home,59,2.95,home,0.0014995522334651085,4.172703929569254e-46,0.0011644112492329157,-7.184497720657333e-19,-1.6826735038376323e-51,0.0014995522334651085,-4.8260567230548857e-51
start-1-home,60,3.0,home,0.0014995522334651033,5.935327400773393e-47,0.0011644112492329112,-7.184497720657333e-19,-2.3930966922888444e-52,0.0014995522334651033,-6.86497133677103e-52
start-1-home,61,3.05,home,0.001499552233465119,8.442514002664396e-48,0.0011644112492329238,-7.184497720657333e-19,-3.4034598902168496e-53,0.001499552233465119,-9.765287427621891e-53
start-1-home,62,3.1,home,0.0014995522334651109,1.2008780286640315e-48,0.0011644112492329173,-7.184497720657333e-19,-4.840397490689575e-54,0.0014995522334651109,-1.3890930206747693e-53
start-1-home,63,3.15,home,0.0014995522334651159,1.7081500122741532e-49,0.0011644112492329216,-4.871533086021591e-19,-6.884008809730603e-55,0.0014995522334651159,-1.9759576126418708e-54
start-1-home,64,3.2,home,0.0014995522334651167,2.42970259658872e-50,0.0011644112492329222,-7.184497720657333e-19,-9.790430927131977e-56,0.0014995522334651167,-2.8107609747734547e-55
start-1-home,65,3.25,home,0.0014995522334651185,3.4560516731248083e-51,0.001164411249232924,-7.184497720657333e-19,-1.3923941759552132e-56,0.0014995522334651185,-3.9982523601492213e-56
start-1-home,66,3.3,home,0.0014995522334651167,4.91594863670763e-52,0.0011644112492329222,-9.497462355293075e-19,-1.9802617021244969e-57,0.0014995522334651167,-5.687435516325889e-57
start-1-home,67,3.35,home,0.0014995522334651274,6.9925317340207e-53,0.00116441124923293,-4.871533086021591e-19,-2.8163263511326617e-58,0.0014995522334651274,-8.090265335013929e-58
start-1-home,68,3.4,home,0.0014995522334651078,9.946300025628261e-54,0.001164411249232915,-7.184497720657333e-19,-4.005376717402844e-59,0.0014995522334651078,-1.1508243466104281e-58
start-1-home,69,3.4499999999999997,home,0.0014995522334651109,1.4147791953301572e-54,0.0011644112492329175,-7.184497720657333e-19,-5.696443042496819e-60,0.0014995522334651109,-1.6370250051759952e-59
start-1-home,70,3.5,home,0.001499552233465108,2.012406790847868e-55,0.001164411249232915,-7.184497720657333e-19,-8.101475997406853e-61,0.001499552233465108,-2.328635861831129e-60
start-1-home,71,3.55,home,0.0014995522334651172,2.86248278545287e-56,0.0011644112492329227,-7.184497720657333e-19,-1.1521911629202041e-61,0.0014995522334651172,-3.312438669273861e-61
start-1-home,72,3.6,home,0.0014995522334651094,4.0716458194614895e-57,0.0011644112492329164,-9.497462355293075e-19,-1.6386452003756414e-62,0.0014995522334651094,-4.711878753507182e-62
start-1-home,73,3.65,home,0.0014995522334651237,5.791580568932773e-58,0.001164411249232927,-9.497462355293075e-19,-2.3304796800513582e-63,0.0014995522334651237,-6.702554646558331e-63
start-1-home,74,3.6999999999999997,home,0.0014995522334651102,8.238045982807556e-59,0.0011644112492329173,-9.497462355293075e-19,-3.314406033641517e-64,0.0014995522334651102,-9.534251781226916e-64
start-1-home,75,3.75,home,0.0014995522334651202,1.1717941381818273e-59,0.0011644112492329253,-4.87153308602159e-19,-4.71374517867046e-65,0.0014995522334651202,-1.35622849837341e-64
start-1-home,76,3.8,home,0.0014995522334651096,1.666780575323924e-60,0.0011644112492329168,-4.87153308602159e-19,-6.703884009362635e-66,0.0014995522334651096,-1.9292082545967992e-65
start-1-home,77,3.85,home,0.0014995522334651135,2.370857982432796e-61,0.0011644112492329192,-7.184497720657333e-19,-9.534257603560453e-67,0.0014995522334651135,-2.7442606180678856e-66
start-1-home,78,3.9,home,0.0014995522334651087,3.3723500597979355e-62,0.0011644112492329155,-4.871533086021591e-19,-1.3559612297000084e-67,0.0014995522334651087,-3.9036564644374845e-67
start-1-home,79,3.9499999999999997,home,0.0014995522334651076,4.796889990916275e-63,0.0011644112492329149,-7.184497720657333e-19,-1.9284467998393175e-68,0.0014995522334651076,-5.552874081771293e-68
start-1-home,80,4.0,home,0.0014995522334651122,6.823180623877693e-64,0.001164411249232919,-7.184497720657333e-19,-2.742635245291975e-69,0.0014995522334651122,-7.898853441766973e-69
start-1-home,81,4.05,home,0.0014995522334651035,9.705412030337938e-65,0.0011644112492329116,-7.184497720657333e-19,-3.900573295226077e-70,0.0014995522334651035,-1.1235962536300713e-69
start-1-home,82,4.1,home,0.001499552233465115,1.3805148635368953e-65,0.0011644112492329214,-7.184497720657333e-19,-5.5473917130009195e-71,0.001499552233465115,-1.5982933972553035e-70
start-1-home,83,4.15,home,0.0014995522334651198,1.963668603134389e-66,0.0011644112492329246,-2.558568451385847e-19,-7.889495335209304e-72,0.0014995522334651198,-2.273540654165781e-71
start-1-home,84,4.2,home,0.0014995522334651178,2.7931567307109886e-67,0.001164411249232923,-7.184497720657333e-19,-1.1220432928539177e-72,0.0014995522334651178,-3.234066454932838e-72
start-1-home,85,4.25,home,0.0014995522334651143,3.97303522084164e-68,0.00116441124923292,-7.184497720657333e-19,-1.595768927605676e-73,0.0014995522334651143,-4.6003953018528466e-73
start-1-home,86,4.3,home,0.0014995522334651148,5.651315120446382e-69,0.001164411249232921,-7.184497720657333e-19,-2.2695010847884993e-74,0.0014995522334651148,-6.543970893699826e-74
start-1-home,87,4.35,home,0.0014995522334651096,8.038529943817384e-70,0.0011644112492329166,-7.184497720657333e-19,-3.227682332166732e-75,0.0014995522334651096,-9.308668467742632e-75
start-1-home,88,4.4,home,0.0014995522334651137,1.143414626160963e-70,0.0011644112492329199,-7.184497720657333e-19,-4.59040681108912e-76,0.0014995522334651137,-1.3241395675065892e-75
start-1-home,89,4.45,home,0.0014995522334651115,1.626413058676212e-71,0.0011644112492329177,-9.497462355293075e-19,-6.5284722976841024e-77,0.0014995522334651115,-1.883562171201349e-76
start-1-home,90,4.5,home,0.001499552233465115,2.313438517323431e-72,0.001164411249232921,-4.871533086021591e-19,-9.28478723030564e-78,0.001499552233465115,-2.6793296636102694e-77
start-1-home,91,4.55,home,0.0014995522334651074,3.290675603521185e-73,0.0011644112492329147,-4.871533086021591e-19,-1.320481576418987e-78,0.0014995522334651074,-3.8112930349379945e-78
start-1-home,92,4.6,home,0.0014995522334651159,4.680714808939307e-74,0.0011644112492329212,-4.871533086021591e-19,-1.8779876699512e-79,0.0014995522334651159,-5.421488318284651e-79
start-1-home,93,4.65,home,0.0014995522334651215,6.657931003339728e-75,0.0011644112492329261,-7.184497720657333e-19,-2.6708723176966693e-80,0.0014995522334651215,-7.71195892334426e-80
start-1-home,94,4.7,home,0.0014995522334651204,9.47035806594349e-76,0.001164411249232925,-7.184497720657333e-19,-3.7985121263458886e-81,0.0014995522334651204,-1.0970107547565923e-80
start-1-home,95,4.75,home,0.0014995522334651226,1.3470803745512846e-76,0.0011644112492329264,-4.871533086021591e-19,-5.402240413503157e-82,0.0014995522334651226,-1.5604758759457637e-81
start-1-home,96,4.8,home,0.0014995522334651107,1.9161107984145902e-77,0.0011644112492329175,-7.184497720657333e-19,-7.683061292046655e-83,0.0014995522334651107,-2.2197457296898855e-82
start-1-home,97,4.85,home,0.0014995522334651052,2.725509673483969e-78,0.001164411249232913,-7.184497720657333e-19,-1.0926842624364809e-83,0.0014995522334651052,-3.1575438862725025e-83
start-1-home,98,4.9,home,0.001499552233465112,3.876812857794483e-79,0.0011644112492329183,-7.184497720657333e-19,-1.5540145418479665e-84,0.001499552233465112,-4.491542960975891e-84
start-1-home,99,4.95,home,0.0014995522334651078,5.5144467402106504e-80,0.0011644112492329155,-7.184497720657333e-19,-2.210118036198495e-85,0.0014995522334651078,-6.389129881358349e-85
start-1-home,100,5.0,home,0.0014995522334651206,7.843845954408746e-81,0.001164411249232925,-9.497462355293075e-19,-3.1432278156886737e-86,0.0014995522334651206,-9.088409181873449e-86
start-1-hold,1,0.05,home,0.5155479851178296,0.5155479851178296,0.3481814259556058,0.06397364710817972,-0.02263038837950697,-0.020639902688335706,-0.06408547351784927
start-1-hold,2,0.1,home,0.29151954250275447,0.29151954250275447,0.08333319035902839,0.009099513488704329,-0.0032189662832199993,-0.002949244458605415,-0.009115677687943347
start-1-hold,3,0.15,home,0.045585885891776506,-0.003949603063177945,-0.045585885891776506,0.001291358831674173,-0.0004578709848847205,-0.00042145601775801,-0.0012966298230702605
start-1-hold,4,0.2,home,0.17689150918132512,-0.17689150918132512,-0.0057468549648304395,0.00018368514931064886,-6.510321825856207e-05,0.0027890573277869384,-0.00018445807338353967
start-1-hold,5,0.25,hold,0.033236924419313,-0.21012843360063813,-0.004519061598515829,0.0001836851493106491,-6.507808648889053e-05,0.004370215229485886,-0.000184480874484385
start-1-hold,6,0.3,hold,0.004976356539060506,-0.18186786572038563,-0.004577208522352158,0.00018368514931064862,-6.508788548659854e-05,0.004295332632679082,-0.00018447117887433894
start-1-hold,7,0.35,hold,0.0015000387370801352,-0.17759934248616957,-0.004582051382255172,0.00018368514931064862,-6.508957384778961e-05,0.004289096064867074,-0.00018446950984317016
start-1-hold,8,0.4,hold,0.0014995567115526362,-0.17699218023693108,-0.004582425704187632,0.00018368514931064886,-6.508981484520283e-05,0.004288614039339575,-0.00018446927177263254
start-1-hold,9,0.45,hold,0.0014995197972616356,-0.17690581641141073,-0.004582454372701608,0.00018368514931064935,-6.508984917877944e-05,0.004288577125048574,-0.00018446923786719451
start-1-hold,10,0.5,hold,0.0014995169765383894,-0.17689353186908993,-0.004582456563675301,0.0001836851493106496,-6.508985406549243e-05,0.004288574304325328,-0.00018446923304210933
start-1-hold,11,0.55,hold,0.001499516761143441,-0.17689178449420248,-0.004582456731028978,0.0001836851493106496,-6.508985476067786e-05,0.004288574088930379,-0.00018446923235572227
start-1-hold,12,0.6,hold,0.0014995167447013893,-0.17689153594452797,-0.004582456743810573,0.0001836851493106496,-6.508985485954921e-05,0.004288574072488328,-0.00018446923225810154
start-1-hold,13,0.65,hold,0.0014995167434468278,-0.17689150059038553,-0.004582456744786793,0.0001836851493106496,-6.5089854873609e-05,0.004288574071233766,-0.00018446923224421912
start-1-hold,14,0.7,hold,0.0014995167433511638,-0.17689149556155015,-0.004582456744861372,0.00018368514931064935,-6.50898548756082e-05,0.004288574071138102,-0.00018446923224224506
start-1-hold,15,0.75,hold,0.0014995167433438745,-0.17689149484623973,-0.004582456744867074,0.0001836851493106496,-6.508985487589245e-05,0.004288574071130813,-0.00018446923224196436
start-1-hold,16,0.8,hold,0.0014995167433433376,-0.17689149474449273,-0.004582456744867495,0.00018368514931064962,-6.508985487593286e-05,0.004288574071130276,-0.00018446923224192443
start-1-hold,17,0.85,hold,0.0014995167433432986,-0.17689149473002008,-0.004582456744867526,0.00018368514931064962,-6.50898548759386e-05,0.004288574071130237,-0.00018446923224191877
start-1-hold,18,0.9,hold,0.0014995167433432864,-0.17689149472796145,-0.004582456744867536,0.00018368514931064962,-6.508985487593942e-05,0.004288574071130225,-0.00018446923224191796
start-1-hold,19,0.95,hold,0.001499516743343296,-0.17689149472766863,-0.004582456744867528,0.00018368514931064962,-6.508985487593951e-05,0.004288574071130234,-0.0001844692322419179
start-1-hold,20,1.0,hold,0.0014995167433432786,-0.17689149472762697,-0.004582456744867541,0.00018368514931064962,-6.508985487593951e-05,0.004288574071130217,-0.0001844692322419179
start-1-hold,21,1.05,hold,0.0014995167433432726,-0.17689149472762106,-0.0045824567448675465,0.00018368514931064962,-6.508985487593951e-05,0.004288574071130211,-0.0001844692322419179
start-1-hold,22,1.1,hold,0.001499516743343277,-0.17689149472762022,-0.004582456744867543,0.00018368514931064962,-6.508985487593951e-05,0.004288574071130215,-0.0001844692322419179
start-1-hold,23,1.15,hold,0.0014995167433432734,-0.17689149472762017,-0.004582456744867545,0.00018368514931064962,-6.508985487593951e-05,0.004288574071130212,-0.0001844692322419179
start-1-hold,24,1.2,hold,0.001499516743343296,-0.17689149472762017,-0.004582456744867527,0.00018368514931064962,-6.508985487593951e-05,0.004288574071130234,-0.0001844692322419179
start-1-hold,25,1.25,hold,0.0014995167433432934,-0.17689149472762017,-0.004582456744867531,0.00018368514931064962,-6.508985487593951e-05,0.004288574071130232,-0.0001844692322419179
start-1-hold,26,1.3,hold,0.001499516743343276,-0.17689149472762017,-0.004582456744867543,0.00018368514931064962,-6.508985487593951e-05,0.004288574071130214,-0.0001844692322419179
start-1-hold,27,1.35,hold,0.001499516743343269,-0.17689149472762017,-0.004582456744867549,0.00018368514931064962,-6.508985487593953e-05,0.0042885740711302075,-0.0001844692322419179
start-1-hold,28,1.4,hold,0.0014995167433432864,-0.17689149472762017,-0.004582456744867534,0.00018368514931064962,-6.508985487593953e-05,0.004288574071130225,-0.0001844692322419179
start-1-hold,29,1.45,hold,0.0014995167433432969,-0.17689149472762017,-0.004582456744867528,0.00018368514931064962,-6.508985487593953e-05,0.004288574071130235,-0.0001844692322419179
start-1-hold,30,1.5,hold,0.0014995167433432873,-0.17689149472762017,-0.004582456744867535,0.00018368514931064962,-6.508985487593953e-05,0.004288574071130226,-0.0001844692322419179
start-1-hold,31,1.55,hold,0.0014995167433432864,-0.17689149472762017,-0.004582456744867536,0.00018368514931064962,-6.508985487593953e-05,0.004288574071130225,-0.0001844692322419179
start-1-hold,32,1.6,hold,0.00149951674334329,-0.17689149472762017,-0.004582456744867533,0.00018368514931064962,-6.508985487593953e-05,0.004288574071130228,-0.0001844692322419179
start-1-hold,33,1.65,hold,0.0014995167433432977,-0.17689149472762017,-0.004582456744867526,0.00018368514931064962,-6.508985487593953e-05,0.004288574071130236,-0.0001844692322419179
start-1-hold,34,1.7,hold,0.001499516743343283,-0.17689149472762017,-0.004582456744867539,0.00018368514931064962,-6.508985487593953e-05,0.004288574071130221,-0.0001844692322419179
start-1-hold,35,1.75,hold,0.0014995167433432969,-0.17689149472762017,-0.004582456744867527,0.00018368514931064962,-6.508985487593953e-05,0.004288574071130235,-0.0001844692322419179
start-1-hold,36,1.8,hold,0.0014995167433432986,-0.17689149472762017,-0.004582456744867525,0.00018368514931064962,-6.508985487593953e-05,0.004288574071130237,-0.0001844692322419179
start-1-hold,37,1.8499999999999999,hold,0.0014995167433432856,-0.17689149472762017,-0.004582456744867536,0.00018368514931064962,-6.508985487593953e-05,0.004288574071130224,-0.0001844692322419179
start-1-hold,38,1.9,hold,0.0014995167433432925,-0.17689149472762017,-0.00458245674486753,0.00018368514931064962,-6.508985487593953e-05,0.004288574071130231,-0.0001844692322419179
start-1-hold,39,1.95,hold,0.0014995167433432934,-0.17689149472762017,-0.00458245674486753,0.00018368514931064962,-6.508985487593953e-05,0.004288574071130232,-0.0001844692322419179
start-1-hold,40,2.0,hold,0.0014995167433432969,-0.17689149472762017,-0.004582456744867527,0.00018368514931064962,-6.508985487593953e-05,0.004288574071130235,-0.0001844692322419179
start-1-hold,41,2.05,hold,0.00149951674334329,-0.17689149472762017,-0.004582456744867533,0.00018368514931064962,-6.508985487593953e-05,0.004288574071130228,-0.0001844692322419179
start-1-hold,42,2.1,hold,0.0014995167433432925,-0.17689149472762017,-0.004582456744867531,0.00018368514931064962,-6.508985487593953e-05,0.004288574071130231,-0.0001844692322419179
start-1-hold,43,2.15,hold,0.0014995167433432995,-0.17689149472762017,-0.004582456744867524,0.00018368514931064962,-6.508985487593953e-05,0.004288574071130238,-0.0001844692322419179
start-1-hold,44,2.2,hold,0.0014995167433432917,-0.17689149472762017,-0.00458245674486753,0.00018368514931064962,-6.508985487593953e-05,0.00428857407113023,-0.0001844692322419179
start-1-hold,45,2.25,hold,0.0014995167433432864,-0.17689149472762017,-0.004582456744867535,0.00018368514931064962,-6.508985487593953e-05,0.004288574071130225,-0.0001844692322419179
start-1-hold,46,2.3,hold,0.0014995167433432864,-0.17689149472762017,-0.004582456744867536,0.00018368514931064962,-6.508985487593953e-05,0.004288574071130225,-0.0001844692322419179
start-1-hold,47,2.35,hold,0.00149951674334329,-0.17689149472762017,-0.004582456744867533,0.00018368514931064962,-6.508985487593953e-05,0.004288574071130228,-0.0001844692322419179
start-1-hold,48,2.4,hold,0.0014995167433432977,-0.17689149472762017,-0.004582456744867526,0.00018368514931064962,-6.508985487593953e-05,0.004288574071130236,-0.0001844692322419179
start-1-hold,49,2.45,hold,0.001499516743343283,-0.17689149472762017,-0.004582456744867539,0.00018368514931064962,-6.508985487593953e-05,0.004288574071130221,-0.0001844692322419179
start-1-hold,50,2.5,hold,0.0014995167433432969,-0.17689149472762017,-0.004582456744867527,0.00018368514931064962,-6.508985487593953e-05,0.004288574071130235,-0.0001844692322419179
start-1-hold,51,2.55,hold,0.0014995167433432986,-0.17689149472762017,-0.004582456744867525,0.00018368514931064962,-6.508985487593953e-05,0.004288574071130237,-0.0001844692322419179
start-1-hold,52,2.6,hold,0.0014995167433432856,-0.17689149472762017,-0.004582456744867536,0.00018368514931064962,-6.508985487593953e-05,0.004288574071130224,-0.0001844692322419179
start-1-hold,53,2.65,hold,0.0014995167433432925,-0.17689149472762017,-0.00458245674486753,0.00018368514931064962,-6.508985487593953e-05,0.004288574071130231,-0.0001844692322419179
start-1-hold,54,2.7,hold,0.0014995167433432934,-0.17689149472762017,-0.00458245674486753,0.00018368514931064962,-6.508985487593953e-05,0.004288574071130232,-0.0001844692322419179
start-1-hold,55,2.75,hold,0.0014995167433432969,-0.17689149472762017,-0.004582456744867527,0.00018368514931064962,-6.508985487593953e-05,0.004288574071130235,-0.0001844692322419179
start-1-hold,56,2.8,hold,0.00149951674334329,-0.17689149472762017,-0.004582456744867533,0.00018368514931064962,-6.508985487593953e-05,0.004288574071130228,-0.0001844692322419179
start-1-hold,57,2.85,hold,0.0014995167433432925,-0.17689149472762017,-0.004582456744867531,0.00018368514931064962,-6.508985487593953e-05,0.004288574071130231,-0.0001844692322419179
start-1-hold,58,2.9,hold,0.0014995167433432995,-0.17689149472762017,-0.004582456744867524,0.00018368514931064962,-6.508985487593953e-05,0.004288574071130238,-0.0001844692322419179
start-1-hold,59,2.95,hold,0.0014995167433432917,-0.17689149472762017,-0.00458245674486753,0.00018368514931064962,-6.508985487593953e-05,0.00428857407113023,-0.0001844692322419179
start-1-hold,60,3.0,hold,0.0014995167433432864,-0.17689149472762017,-0.004582456744867535,0.00018368514931064962,-6.508985487593953e-05,0.004288574071130225,-0.0001844692322419179
start-1-hold,61,3.05,hold,0.0014995167433432864,-0.17689149472762017,-0.004582456744867536,0.00018368514931064962,-6.508985487593953e-05,0.004288574071130225,-0.0001844692322419179
start-1-hold,62,3.1,hold,0.00149951674334329,-0.17689149472762017,-0.004582456744867533,0.00018368514931064962,-6.508985487593953e-05,0.004288574071130228,-0.0001844692322419179
start-1-hold,63,3.15,hold,0.0014995167433432977,-0.17689149472762017,-0.004582456744867526,0.00018368514931064962,-6.508985487593953e-05,0.004288574071130236,-0.0001844692322419179
start-1-hold,64,3.2,hold,0.001499516743343283,-0.17689149472762017,-0.004582456744867539,0.00018368514931064962,-6.508985487593953e-05,0.004288574071130221,-0.0001844692322419179
start-1-hold,65,3.25,hold,0.0014995167433432969,-0.17689149472762017,-0.004582456744867527,0.00018368514931064962,-6.508985487593953e-05,0.004288574071130235,-0.0001844692322419179
start-1-hold,66,3.3,hold,0.0014995167433432986,-0.17689149472762017,-0.004582456744867525,0.00018368514931064962,-6.508985487593953e-05,0.004288574071130237,-0.0001844692322419179
start-1-hold,67,3.35,hold,0.0014995167433432856,-0.17689149472762017,-0.004582456744867536,0.00018368514931064962,-6.508985487593953e-05,0.004288574071130224,-0.0001844692322419179
start-1-hold,68,3.4,hold,0.0014995167433432925,-0.17689149472762017,-0.00458245674486753,0.00018368514931064962,-6.508985487593953e-05,0.004288574071130231,-0.0001844692322419179
start-1-hold,69,3.4499999999999997,hold,0.0014995167433432934,-0.17689149472762017,-0.00458245674486753,0.00018368514931064962,-6.508985487593953e-05,0.004288574071130232,-0.0001844692322419179
start-1-hold,70,3.5,hold,0.0014995167433432969,-0.17689149472762017,-0.004582456744867527,0.00018368514931064962,-6.508985487593953e-05,0.004288574071130235,-0.0001844692322419179
start-1-hold,71,3.55,hold,0.00149951674334329,-0.17689149472762017,-0.004582456744867533,0.00018368514931064962,-6.508985487593953e-05,0.004288574071130228,-0.0001844692322419179
start-1-hold,72,3.6,hold,0.0014995167433432925,-0.17689149472762017,-0.004582456744867531,0.00018368514931064962,-6.508985487593953e-05,0.004288574071130231,-0.0001844692322419179
start-1-hold,73,3.65,hold,0.0014995167433432995,-0.17689149472762017,-0.004582456744867524,0.00018368514931064962,-6.508985487593953e-05,0.004288574071130238,-0.0001844692322419179
start-1-hold,74,3.6999999999999997,hold,0.0014995167433432917,-0.17689149472762017,-0.00458245674486753,0.00018368514931064962,-6.508985487593953e-05,0.00428857407113023,-0.0001844692322419179
start-1-hold,75,3.75,hold,0.0014995167433432864,-0.17689149472762017,-0.004582456744867535,0.00018368514931064962,-6.508985487593953e-05,0.004288574071130225,-0.0001844692322419179
start-1-hold,76,3.8,hold,0.0014995167433432864,-0.17689149472762017,-0.004582456744867536,0.00018368514931064962,-6.508985487593953e-05,0.004288574071130225,-0.0001844692322419179
start-1-hold,77,3.85,hold,0.00149951674334329,-0.17689149472762017,-0.004582456744867533,0.00018368514931064962,-6.508985487593953e-05,0.004288574071130228,-0.0001844692322419179
start-1-hold,78,3.9,hold,0.0014995167433432977,-0.17689149472762017,-0.004582456744867526,0.00018368514931064962,-6.508985487593953e-05,0.004288574071130236,-0.0001844692322419179
start-1-hold,79,3.9499999999999997,hold,0.001499516743343283,-0.17689149472762017,-0.004582456744867539,0.00018368514931064962,-6.508985487593953e-05,0.004288574071130221,-0.0001844692322419179
start-1-hold,80,4.0,hold,0.0014995167433432969,-0.17689149472762017,-0.004582456744867527,0.00018368514931064962,-6.508985487593953e-05,0.004288574071130235,-0.0001844692322419179
start-1-hold,81,4.05,hold,0.0014995167433432986,-0.17689149472762017,-0.004582456744867525,0.00018368514931064962,-6.508985487593953e-05,0.004288574071130237,-0.0001844692322419179
start-1-hold,82,4.1,hold,0.0014995167433432856,-0.17689149472762017,-0.004582456744867536,0.00018368514931064962,-6.508985487593953e-05,0.004288574071130224,-0.0001844692322419179
start-1-hold,83,4.15,hold,0.0014995167433432925,-0.17689149472762017,-0.00458245674486753,0.00018368514931064962,-6.508985487593953e-05,0.004288574071130231,-0.0001844692322419179
start-1-hold,84,4.2,hold,0.0014995167433432934,-0.17689149472762017,-0.00458245674486753,0.00018368514931064962,-6.508985487593953e-05,0.004288574071130232,-0.0001844692322419179
start-1-hold,85,4.25,hold,0.0014995167433432969,-0.17689149472762017,-0.004582456744867527,0.00018368514931064962,-6.508985487593953e-05,0.004288574071130235,-0.0001844692322419179
start-1-hold,86,4.3,hold,0.00149951674334329,-0.17689149472762017,-0.004582456744867533,0.00018368514931064962,-6.508985487593953e-05,0.004288574071130228,-0.0001844692322419179
start-1-hold,87,4.35,hold,0.0014995167433432925,-0.17689149472762017,-0.004582456744867531,0.00018368514931064962,-6.508985487593953e-05,0.004288574071130231,-0.0001844692322419179
start-1-hold,88,4.4,hold,0.0014995167433432995,-0.17689149472762017,-0.004582456744867524,0.00018368514931064962,-6.508985487593953e-05,0.004288574071130238,-0.0001844692322419179
start-1-hold,89,4.45,hold,0.0014995167433432917,-0.17689149472762017,-0.00458245674486753,0.00018368514931064962,-6.508985487593953e-05,0.00428857407113023,-0.0001844692322419179
start-1-hold,90,4.5,hold,0.0014995167433432864,-0.17689149472762017,-0.004582456744867535,0.00018368514931064962,-6.508985487593953e-05,0.004288574071130225,-0.0001844692322419179
start-1-hold,91,4.55,hold,0.0014995167433432864,-0.17689149472762017,-0.004582456744867536,0.00018368514931064962,-6.508985487593953e-05,0.004288574071130225,-0.0001844692322419179
start-1-hold,92,4.6,hold,0.00149951674334329,-0.17689149472762017,-0.004582456744867533,0.00018368514931064962,-6.508985487593953e-05,0.004288574071130228,-0.0001844692322419179
start-1-hold,93,4.65,hold,0.0014995167433432977,-0.17689149472762017,-0.004582456744867526,0.00018368514931064962,-6.508985487593953e-05,0.004288574071130236,-0.0001844692322419179
start-1-hold,94,4.7,hold,0.001499516743343283,-0.17689149472762017,-0.004582456744867539,0.00018368514931064962,-6.508985487593953e-05,0.004288574071130221,-0.0001844692322419179
start-1-hold,95,4.75,hold,0.0014995167433432969,-0.17689149472762017,-0.004582456744867527,0.00018368514931064962,-6.508985487593953e-05,0.004288574071130235,-0.0001844692322419179
start-1-hold,96,4.8,hold,0.0014995167433432986,-0.17689149472762017,-0.004582456744867525,0.00018368514931064962,-6.508985487593953e-05,0.004288574071130237,-0.0001844692322419179
start-1-hold,97,4.85,hold,0.0014995167433432856,-0.17689149472762017,-0.004582456744867536,0.00018368514931064962,-6.508985487593953e-05,0.004288574071130224,-0.0001844692322419179
start-1-hold,98,4.9,hold,0.0014995167433432925,-0.17689149472762017,-0.00458245674486753,0.00018368514931064962,-6.508985487593953e-05,0.004288574071130231,-0.0001844692322419179
start-1-hold,99,4.95,hold,0.0014995167433432934,-0.17689149472762017,-0.00458245674486753,0.00018368514931064962,-6.508985487593953e-05,0.004288574071130232,-0.0001844692322419179
start-1-hold,100,5.0,hold,0.0014995167433432969,-0.17689149472762017,-0.004582456744867527,0.00018368514931064962,-6.508985487593953e-05,0.004288574071130235,-0.0001844692322419179
start-2-home,1,0.05,home,0.5546112543624324,-0.5546112543624324,0.059170419755318185,0.032444223697521764,0.0040400136800883175,-0.04948690472316526,0.003548853738722191
start-2-home,2,0.1,home,0.34155997543502864,-0.34155997543502864,0.00630445799556084,0.00461492338765453,0.0005645624614033029,-0.009754131955400931,0.0005140143443212144
start-2-home,3,0.15,home,0.03331146533328565,-0.03331146533328565,0.0015884041203600538,0.0006564348117087965,8.032529316565043e-05,-0.0004967369951087653,7.309539987855567e-05
start-2-home,4,0.2,home,0.16210481257344675,0.16210481257344675,0.0011997221975153863,9.337244106281154e-05,1.142453350864572e-05,0.001183404910538675,1.0398185136296304e-05
start-2-home,5,0.25,home,0.2176980196839337,0.2176980196839337,0.0011675848996488387,1.328146008486796e-05,1.6246406921241118e-06,0.0014522021334709122,1.4794217319689182e-06
start-2-home,6,0.3,home,0.13450509496452506,0.13450509496452506,0.0011642145041827535,1.8891782198053038e-06,2.3102843364567872e-07,0.0014919824202212775,2.1049271430727478e-07
start-2-home,7,0.35,home,0.0014969450364781622,0.0001368821584063649,0.0011631948447462734,2.6872002952828713e-07,3.285278542948232e-08,0.0014969450364781622,2.994907500514119e-08
start-2-home,8,0.4,home,0.008305499004886264,-0.008305499004886264,0.001164228422379897,3.8223209178243255e-08,4.671884099645536e-09,0.0014991687599477787,4.261037004486562e-09
start-2-home,9,0.45,home,0.0014995067544661897,-0.0011813887726604942,0.0011643922837872198,5.436936437304698e-09,6.644349332553065e-10,0.0014995067544661897,6.061816343695796e-10
start-2-home,10,0.5,home,0.001499547262934067,-0.00016804281492865245,0.0011644097150914736,7.733593928580925e-10,9.449587458600914e-11,0.001499547262934067,8.62363231019627e-11
start-2-home,11,0.55,home,0.0014995516617068675,-2.3902705275885747e-05,0.0011644111360382505,1.1000399909477913e-10,1.343919449858639e-11,0.0014995516617068675,1.2268110263945362e-11
start-2-home,12,0.6,home,0.0014995521628969135,-3.399962799649673e-06,0.0011644112414862689,1.5647162167622777e-11,1.911320991766774e-12,0.0014995521628969135,1.745279923247557e-12
start-2-home,13,0.65,home,0.0014995522242577813,-4.836166829477342e-07,0.0011644112487757632,2.2256799549691395e-12,2.7182789370422957e-13,0.0014995522242577813,2.482861517532163e-13
start-2-home,14,0.7,home,0.0014995522322190482,-6.87904867810492e-08,0.0011644112492172685,3.165843881517787e-13,3.865933776279558e-14,0.0014995522322190482,3.532156064505181e-14
start-2-home,15,0.75,home,0.0014995522332927435,-9.784879716576955e-09,0.0011644112492344744,4.503170040822319e-14,5.498127421267929e-15,0.0014995522332927435,5.024898033948886e-15
start-2-home,16,0.8,home,0.0014995522334409666,-1.3918184846200462e-09,0.0011644112492334283,6.405422306269749e-15,7.819431705495967e-16,0.0014995522334409666,7.148494790464256e-16
start-2-home,17,0.85,home,0.0014995522334617132,-1.9797470691930377e-10,0.0011644112492330185,9.11437409619469e-16,1.1120788499608284e-16,0.0014995522334617132,1.0169554755807688e-16
start-2-home,18,0.9,home,0.0014995522334646288,-2.816027018816483e-11,0.0011644112492329329,1.2988665957605154e-16,1.581597506205573e-17,0.0014995522334646288,1.446735890175404e-17
start-2-home,19,0.95,home,0.0014995522334650385,-4.005566314052667e-12,0.0011644112492329166,1.8401764186608723e-17,2.2493465024769875e-18,0.0014995522334650385,2.058147776762336e-18
start-2-home,20,1.0,home,0.0014995522334651044,-5.69758790986885e-13,0.0011644112492329203,2.6736046710856713e-18,3.1990185039364315e-19,0.0014995522334651044,2.927951209541842e-19
start-2-home,21,1.05,home,0.001499552233465114,-8.104349159517007e-14,0.0011644112492329207,5.919364999135032e-19,4.549641141144425e-20,0.001499552233465114,4.1653461599753936e-20
start-2-home,22,1.1,home,0.001499552233465121,-1.1527768651993166e-14,0.0011644112492329257,3.6064003644992894e-19,6.470495399810984e-21,0.001499552233465121,5.9256820514969624e-21
start-2-home,23,1.15,home,0.0014995522334651185,-1.6397300693519315e-15,0.0011644112492329229,5.919364999135032e-19,9.20233254020856e-22,0.0014995522334651185,8.429961162051625e-22
start-2-home,24,1.2,home,0.001499552233465118,-2.3323808635523756e-16,0.0011644112492329233,3.6064003644992894e-19,1.308754878036211e-22,0.001499552233465118,1.1992584432593596e-22
start-2-home,25,1.25,home,0.0014995522334651115,-3.317619524300818e-17,0.001164411249232918,-3.3324935394079384e-19,1.8613099704103464e-23,0.0014995522334651115,1.7060823032993775e-23
start-2-home,26,1.3,home,0.0014995522334651113,-4.719040307704179e-18,0.001164411249232918,-5.645458174043681e-19,2.647153308931971e-24,0.0014995522334651113,2.4270971152341594e-24
start-2-home,27,1.35,home,0.0014995522334650992,-6.712445855414681e-19,0.001164411249232908,-1.0195289047721957e-19,3.764778974120284e-25,0.0014995522334650992,3.452822972023758e-25
start-2-home,28,1.4,home,0.0014995522334651174,-9.547900934076183e-20,0.0011644112492329229,-5.645458174043681e-19,5.354265155741519e-26,0.0014995522334651174,4.9120350068326247e-26
start-2-home,29,1.45,home,0.0014995522334651033,-1.358110206183515e-20,0.0011644112492329114,-5.645458174043681e-19,7.614830925120682e-27,0.0014995522334651033,6.987930493523247e-27
start-2-home,30,1.5,home,0.0014995522334651035,-1.931799821630867e-21,0.0011644112492329118,-3.3324935394079384e-19,1.0829805459880345e-27,0.0014995522334651035,9.941128380898295e-28
start-2-home,31,1.55,home,0.0014995522334651104,-2.747826011366143e-22,0.0011644112492329168,-3.3324935394079384e-19,1.540213925348451e-28,0.0014995522334651104,1.4142388736411927e-28
start-2-home,32,1.6,home,0.0014995522334651098,-3.9085560026430286e-23,0.0011644112492329162,-5.645458174043681e-19,2.1904908122049384e-29,0.0014995522334651098,2.0119159863473326e-29
start-2-home,33,1.65,home,0.0014995522334651057,-5.559598738277113e-24,0.0011644112492329131,-5.645458174043681e-19,3.1153139960127634e-30,0.0014995522334651057,2.8621796843749024e-30
start-2-home,34,1.7,home,0.0014995522334651044,-7.908070937131244e-25,0.0011644112492329118,-3.3324935394079384e-19,4.430596667973122e-31,0.0014995522334651044,4.0717764914690876e-31
start-2-home,35,1.75,home,0.0014995522334651198,-1.124857905951632e-25,0.0011644112492329244,-7.958422808679423e-19,6.301190460743375e-32,0.0014995522334651198,5.792565442409359e-32
start-2-home,36,1.8,home,0.001499552233465118,-1.6000176511325596e-26,0.001164411249232923,-7.958422808679423e-19,8.96154721289577e-33,0.001499552233465118,8.240583226174541e-33
start-2-home,37,1.8499999999999999,home,0.0014995522334651206,-2.2758932220597565e-27,0.0011644112492329253,-5.645458174043681e-19,1.2745104111935973e-33,0.0014995522334651206,1.1723166505589937e-33
start-2-home,38,1.9,home,0.0014995522334651143,-3.2372705104540108e-28,0.0011644112492329203,-5.645458174043681e-19,1.8126075215445643e-34,0.0014995522334651143,1.667753648269462e-34
start-2-home,39,1.95,home,0.0014995522334651133,-4.6047504585342915e-29,0.0011644112492329194,-7.958422808679423e-19,2.5778887315143046e-35,0.0014995522334651133,2.3725689797482327e-35
start-2-home,40,2.0,home,0.0014995522334651148,-6.549877965680786e-30,0.001164411249232921,-5.645458174043681e-19,3.6662709565185094e-36,0.0014995522334651148,3.3752487027977795e-36
start-2-home,41,2.05,home,0.0014995522334651059,-9.316661511113553e-31,0.0011644112492329142,-5.645458174043681e-19,5.214167144774217e-37,0.0014995522334651059,4.801674238258398e-37
start-2-home,42,2.1,home,0.001499552233465114,-1.325218304332778e-31,0.0011644112492329199,-5.645458174043681e-19,7.415583664216584e-38,0.001499552233465114,6.83092613182068e-38
start-2-home,43,2.15,home,0.0014995522334651057,-1.8850138024695346e-32,0.0011644112492329131,-5.645458174043681e-19,1.0546436191041236e-38,0.0014995522334651057,9.717766685565371e-39
start-2-home,44,2.2,home,0.0014995522334651005,-2.681276755598028e-33,0.0011644112492329092,-5.645458174043681e-19,1.499913174277683e-39,0.0014995522334651005,1.3824624033408291e-39
start-2-home,45,2.25,home,0.001499552233465113,-3.8138951718504394e-34,0.001164411249232919,-5.645458174043681e-19,2.1331751215636343e-40,0.001499552233465113,1.9667093087352106e-40
start-2-home,46,2.3,home,0.0014995522334651128,-5.424951509199664e-35,0.001164411249232919,-3.3324935394079384e-19,3.033799674016877e-41,0.0014995522334651128,2.797866575576623e-41
start-2-home,47,2.35,home,0.001499552233465109,-7.716546352501752e-36,0.001164411249232916,-3.3324935394079384e-19,4.314667074971213e-42,0.001499552233465109,3.980281695169283e-42
start-2-home,48,2.4,home,0.0014995522334651245,-1.097615112491397e-36,0.001164411249232928,-7.958422808679423e-19,6.136315501159644e-43,0.0014995522334651245,5.6624007299277855e-43
start-2-home,49,2.45,home,0.0014995522334651187,-1.5612670230107063e-37,0.0011644112492329238,-5.645458174043681e-19,8.727062199241833e-44,0.0014995522334651187,8.055404917993354e-44
start-2-home,50,2.5,home,0.0014995522334651213,-2.2207736477022324e-38,0.0011644112492329257,-5.645458174043681e-19,1.241161974383899e-44,0.0014995522334651213,1.1459723338984267e-44
start-2-home,51,2.55,home,0.0014995522334651141,-3.158867459339566e-39,0.00116441124923292,-5.645458174043681e-19,1.7651794057199978e-45,0.0014995522334651141,1.6302750152873925e-45
start-2-home,52,2.6,home,0.0014995522334651182,-4.493228580948984e-40,0.0011644112492329227,-5.645458174043681e-19,2.5104365092809274e-46,0.0014995522334651182,2.3192501604651803e-46
start-2-home,53,2.65,home,0.0014995522334651091,-6.391247287367041e-41,0.0011644112492329164,-5.645458174043681e-19,3.570340468734956e-47,0.0014995522334651091,3.299394913090671e-47
start-2-home,54,2.7,home,0.001499552233465101,-9.091022446858837e-42,0.0011644112492329094,-3.3324935394079384e-19,5.0777348943161407e-48,0.001499552233465101,4.693761174743338e-48
start-2-home,55,2.75,home,0.0014995522334651156,-1.2931230073454926e-42,0.0011644112492329214,-7.958422808679423e-19,7.221549844492612e-49,0.0014995522334651156,6.6774040899297635e-49
start-2-home,56,2.8,home,0.0014995522334651057,-1.8393608880637593e-43,0.0011644112492329133,-5.645458174043681e-19,1.0270481472775992e-49,0.0014995522334651057,9.499359243640128e-50
start-2-home,57,2.85,home,0.001499552233465103,-2.6163392479449076e-44,0.0011644112492329114,-3.3324935394079384e-19,1.4606669199093666e-50,0.001499552233465103,1.3513907684367297e-50
start-2-home,58,2.9,home,0.0014995522334651117,-3.721526919897932e-45,0.001164411249232918,-3.3324935394079384e-19,2.077359135117444e-51,0.0014995522334651117,1.9225053915931174e-51
start-2-home,59,2.95,home,0.0014995522334651107,-5.2935652845490884e-46,0.001164411249232917,-5.645458174043681e-19,2.9544182300222655e-52,0.0014995522334651107,2.7349800812297194e-52
start-2-home,60,3.0,home,0.0014995522334651085,-7.529660277870751e-47,0.0011644112492329153,-5.645458174043681e-19,4.2017708591706585e-53,0.0014995522334651085,3.8908165249447956e-53
start-2-home,61,3.05,home,0.0014995522334651018,-1.0710321088440442e-47,0.0011644112492329094,-3.3324935394079384e-19,5.975754608412058e-54,0.0014995522334651018,5.535123539742856e-54
start-2-home,62,3.1,home,0.0014995522334651206,-1.5234548915123907e-48,0.0011644112492329248,-5.645458174043681e-19,8.498712646668158e-55,0.0014995522334651206,7.874334650858817e-55
start-2-home,63,3.15,home,0.0014995522334651176,-2.166989007433102e-49,0.0011644112492329227,-7.958422808679423e-19,1.2086861222428299e-55,0.0014995522334651176,1.1202124628901565e-55
start-2-home,64,3.2,home,0.0014995522334651217,-3.0823632419296476e-50,0.0011644112492329261,-7.958422808679423e-19,1.7189922789861306e-56,0.0014995522334651217,1.5936278654654876e-56
start-2-home,65,3.25,home,0.0014995522334651137,-4.384407637790923e-51,0.0011644112492329199,-5.645458174043681e-19,2.4447492204447196e-57,0.0014995522334651137,2.2671142813473562e-57
start-2-home,66,3.3,home,0.0014995522334651109,-6.2364584656428846e-52,0.0011644112492329175,-5.645458174043681e-19,3.476920067780449e-58,0.0014995522334651109,3.225224076355439e-58
start-2-home,67,3.35,home,0.0014995522334651143,-8.870848106925487e-53,0.0011644112492329207,-5.645458174043681e-19,4.9448724870032445e-59,0.0014995522334651143,4.588242425743666e-59
start-2-home,68,3.4,home,0.0014995522334651055,-1.2618050223481822e-53,0.0011644112492329138,-5.645458174043681e-19,7.032593052233561e-60,0.0014995522334651055,6.527288406921282e-60
start-2-home,69,3.4499999999999997,home,0.001499552233465116,-1.7948136358912926e-54,0.0011644112492329214,-7.958422808679423e-19,1.0001747298288074e-60,0.001499552233465116,9.285797982228404e-61
start-2-home,70,3.5,home,0.001499552233465105,-2.55297445368092e-55,0.0011644112492329127,-5.645458174043681e-19,1.4224475706453894e-61,0.001499552233465105,1.3210085929888164e-61
start-2-home,71,3.55,home,0.001499552233465102,-3.631395723105532e-56,0.0011644112492329105,-7.958422808679423e-19,2.0230036121277752e-62,0.001499552233465102,1.8792823589005427e-62
start-2-home,72,3.6,home,0.0014995522334651098,-5.165361086467332e-57,0.0011644112492329164,-5.645458174043681e-19,2.8771138557317415e-63,0.0014995522334651098,2.6734890775730067e-63
start-2-home,73,3.65,home,0.0014995522334651117,-7.347300373745176e-58,0.0011644112492329181,-5.645458174043681e-19,4.0918286500219383e-64,0.0014995522334651117,3.803336699685842e-64
start-2-home,74,3.6999999999999997,home,0.0014995522334651091,-1.0450929156426793e-58,0.0011644112492329162,-3.3324935394079384e-19,5.819394900785423e-65,0.0014995522334651091,5.410670872163827e-65
start-2-home,75,3.75,home,0.0014995522334651215,-1.4865585273053563e-59,0.001164411249232926,-7.958422808679423e-19,8.276338015995119e-66,0.0014995522334651215,7.697282791661806e-66
start-2-home,76,3.8,home,0.0014995522334651195,-2.1145069706507683e-60,0.0011644112492329244,-5.645458174043681e-19,1.1770600229491715e-66,0.0014995522334651195,1.0950242850223419e-66
start-2-home,77,3.85,home,0.0014995522334651182,-3.0077118706084318e-61,0.0011644112492329233,-5.645458174043681e-19,1.6740136699617307e-67,0.0014995522334651182,1.5577940552190362e-67
start-2-home,78,3.9,home,0.0014995522334651172,-4.278222215467267e-62,0.0011644112492329225,-5.645458174043681e-19,2.380780684650734e-68,0.0014995522334651172,2.216135528441893e-68
start-2-home,79,3.9499999999999997,home,0.0014995522334651191,-6.085418455064431e-63,0.0011644112492329235,-5.645458174043681e-19,3.38594407569928e-69,0.0014995522334651191,3.152699466333366e-69
start-2-home,80,4.0,home,0.0014995522334651094,-8.656006141839131e-64,0.0011644112492329166,-7.958422808679423e-19,4.815486515467211e-70,0.0014995522334651094,4.4850657396940576e-70
start-2-home,81,4.05,home,0.001499552233465101,-1.2312455237190496e-64,0.0011644112492329092,-3.3324935394079384e-19,6.848580443853923e-71,0.001499552233465101,6.380504742287133e-71
start-2-home,82,4.1,home,0.0014995522334651172,-1.7513452680568918e-65,0.0011644112492329225,-7.958422808679423e-19,9.740044738513776e-72,0.0014995522334651172,9.076977132996332e-72
start-2-home,83,4.15,home,0.0014995522334651072,-2.491144283457335e-66,0.0011644112492329147,-5.645458174043681e-19,1.3852282569109062e-72,0.0014995522334651072,1.2913008289413154e-72
start-2-home,84,4.2,home,0.001499552233465103,-3.5434474025143025e-67,0.0011644112492329116,-3.3324935394079384e-19,1.9700703387471503e-73,0.001499552233465103,1.8370188011902444e-73
start-2-home,85,4.25,home,0.0014995522334651115,-5.040261849851178e-68,0.0011644112492329177,-3.3324935394079384e-19,2.8018322035975976e-74,0.0014995522334651115,2.6133631044380597e-74
start-2-home,86,4.3,home,0.0014995522334651104,-7.169357021368025e-69,0.0011644112492329168,-5.645458174043681e-19,3.984763154235502e-75,0.0014995522334651104,3.7177988828975797e-75
start-2-home,87,4.35,home,0.0014995522334651115,-1.0197819405226848e-69,0.0011644112492329177,-7.958422808679423e-19,5.66712645218607e-76,0.0014995522334651115,5.28898107041167e-76
start-2-home,88,4.4,home,0.0014995522334651035,-1.4505557515361835e-70,0.001164411249232911,-5.645458174043681e-19,8.05978196994507e-77,0.0014995522334651035,7.524161619264598e-77
start-2-home,89,4.45,home,0.0014995522334651193,-2.0632959897644044e-71,0.0011644112492329242,-5.645458174043681e-19,1.1462614422218497e-77,0.0014995522334651193,1.0703953198854165e-77
start-2-home,90,4.5,home,0.0014995522334651195,-2.934868471528382e-72,0.0011644112492329242,-5.645458174043681e-19,1.6302119571369338e-78,0.0014995522334651195,1.5227558282050064e-78
start-2-home,91,4.55,home,0.0014995522334651206,-4.1746084846287676e-73,0.001164411249232925,-5.645458174043681e-19,2.3184859294416048e-79,0.0014995522334651206,2.1662886394644245e-79
start-2-home,92,4.6,home,0.001499552233465112,-5.938036463643704e-74,0.0011644112492329186,-5.645458174043681e-19,3.2973485325770952e-80,0.001499552233465112,3.081785141506777e-80
start-2-home,93,4.65,home,0.0014995522334651078,-8.446367407480699e-75,0.001164411249232915,-5.645458174043681e-19,4.689486016323344e-81,0.0014995522334651078,4.384179980827937e-81
start-2-home,94,4.7,home,0.0014995522334651137,-1.201426141771668e-75,0.00116441124923292,-7.958422808679423e-19,6.669382651210321e-82,0.0014995522334651137,6.236980343231826e-82
start-2-home,95,4.75,home,0.0014995522334651083,-1.7089296551957948e-76,0.001164411249232916,-5.645458174043681e-19,9.485189804246235e-83,0.0014995522334651083,8.872793189465754e-83
start-2-home,96,4.8,home,0.0014995522334651154,-2.430811570406574e-77,0.0011644112492329207,-5.645458174043681e-19,1.3489828118145855e-83,0.0014995522334651154,1.262252750030945e-83
start-2-home,97,4.85,home,0.0014995522334651044,-3.4576290913187135e-78,0.001164411249232912,-3.3324935394079384e-19,1.918522100394208e-84,0.0014995522334651044,1.7956937668624422e-84
start-2-home,98,4.9,home,0.0014995522334651048,-4.918192376027477e-79,0.0011644112492329125,-7.958422808679423e-19,2.7285203470648313e-85,0.0014995522334651048,2.5545723531495454e-85
start-2-home,99,4.95,home,0.0014995522334651072,-6.995723256825237e-80,0.0011644112492329142,-5.645458174043681e-19,3.880499100196609e-86,0.0014995522334651072,3.634160664002509e-86
start-2-home,100,5.0,home,0.0014995522334651124,-9.95083968748971e-81,0.0011644112492329186,-5.645458174043681e-19,5.518842211500537e-87,0.0014995522334651124,5.16999379517366e-87
start-2-hold,1,0.05,home,0.5546112543624324,-0.5546112543624324,0.059170419755318185,0.032444223697521764,0.0040400136800883175,-0.04948690472316526,0.003548853738722191
start-2-hold,2,0.1,home,0.34155997543502864,-0.34155997543502864,0.00630445799556084,0.00461492338765453,0.0005645624614033029,-0.009754131955400931,0.0005140143443212144
start-2-hold,3,0.15,home,0.03331146533328565,-0.03331146533328565,0.0015884041203600538,0.0006564348117087965,8.032529316565043e-05,-0.0004967369951087653,7.309539987855567e-05
start-2-hold,4,0.2,home,0.16210481257344675,0.16210481257344675,0.0011997221975153863,9.337244106281154e-05,1.142453350864572e-05,0.001183404910538675,1.0398185136296304e-05
start-2-hold,5,0.25,hold,0.055593271652652265,0.21769808422609901,0.002226163504728463,9.337244106281131e-05,1.142262655517059e-05,0.0025052743143341373,1.0399906328198169e-05
start-2-hold,6,0.3,hold,0.012103762004531421,0.17420857457797817,0.002353186016920268,9.337244106281108e-05,1.142279167771422e-05,0.0026688538259217755,1.039967931313881e-05
start-2-hold,7,0.35,hold,0.0017216581969126399,0.1638264707703594,0.002363265152690916,9.337244106281131e-05,1.1423013575287737e-05,0.002681833347282787,1.0399446902624653e-05
start-2-hold,8,0.4,hold,0.0014994517814906174,0.16234970208337385,0.002364059864901508,9.337244106281247e-05,1.1423044263566203e-05,0.0026828566920292923,1.039941456743552e-05
start-2-hold,9,0.45,hold,0.001499530642714765,0.1621396439105644,0.0023641211133802035,9.3372441062812e-05,1.1423048562663143e-05,0.00268293555325344,1.0399410022641309e-05
start-2-hold,10,0.5,hold,0.0014995366785398292,0.16210976486697165,0.0023641258020593013,9.3372441062812e-05,1.1423049169084974e-05,0.002682941589078504,1.0399409380389827e-05
start-2-hold,11,0.55,hold,0.0014995371396178431,0.16210551481931013,0.002364126160354821,9.337244106281247e-05,1.1423049254944733e-05,0.002682942050156518,1.0399409289364529e-05
start-2-hold,12,0.6,hold,0.0014995371748147462,0.16210491028506288,0.002364126187723684,9.337244106281224e-05,1.1423049267125612e-05,0.002682942085353421,1.0399409276443357e-05
start-2-hold,13,0.65,hold,0.001499537177500028,0.16210482429504927,0.0023641261898142995,9.337244106281224e-05,1.1423049268855584e-05,0.002682942088038703,1.0399409274607623e-05
start-2-hold,14,0.7,hold,0.0014995371777047236,0.16210481206367863,0.002364126189974029,9.3372441062812e-05,1.1423049269101423e-05,0.0026829420882433985,1.0399409274346698e-05
start-2-hold,15,0.75,hold,0.0014995371777203135,0.16210481032386703,0.002364126189986246,9.337244106281247e-05,1.142304926913637e-05,0.0026829420882589885,1.0399409274309601e-05
start-2-hold,16,0.8,hold,0.0014995371777214875,0.16210481007639313,0.002364126189987174,9.337244106281224e-05,1.1423049269141339e-05,0.0026829420882601624,1.0399409274304327e-05
start-2-hold,17,0.85,hold,0.0014995371777215725,0.16210481004119204,0.0023641261899872415,9.337244106281224e-05,1.1423049269142044e-05,0.0026829420882602474,1.0399409274303577e-05
start-2-hold,18,0.9,hold,0.0014995371777215842,0.16210481003618496,0.002364126189987251,9.337244106281247e-05,1.1423049269142145e-05,0.002682942088260259,1.0399409274303468e-05
start-2-hold,19,0.95,hold,0.001499537177721579,0.16210481003547275,0.0023641261899872475,9.337244106281224e-05,1.1423049269142157e-05,0.002682942088260254,1.0399409274303457e-05
start-2-hold,20,1.0,hold,0.0014995371777215773,0.16210481003537142,0.002364126189987246,9.337244106281224e-05,1.1423049269142157e-05,0.002682942088260252,1.0399409274303457e-05
start-2-hold,21,1.05,hold,0.0014995371777215855,0.162104810035357,0.002364126189987252,9.3372441062812e-05,1.1423049269142157e-05,0.0026829420882602604,1.0399409274303457e-05
start-2-hold,22,1.1,hold,0.0014995371777215833,0.16210481003535496,0.0023641261899872506,9.337244106281224e-05,1.1423049269142157e-05,0.0026829420882602583,1.0399409274303457e-05
start-2-hold,23,1.15,hold,0.0014995371777215877,0.1621048100353547,0.002364126189987254,9.337244106281224e-05,1.1423049269142157e-05,0.0026829420882602626,1.0399409274303457e-05
start-2-hold,24,1.2,hold,0.0014995371777215838,0.1621048100353547,0.0023641261899872506,9.3372441062812e-05,1.1423049269142157e-05,0.0026829420882602587,1.0399409274303457e-05
start-2-hold,25,1.25,hold,0.0014995371777215742,0.1621048100353547,0.0023641261899872436,9.337244106281247e-05,1.1423049269142157e-05,0.002682942088260249,1.0399409274303457e-05
start-2-hold,26,1.3,hold,0.0014995371777215786,0.1621048100353547,0.0023641261899872467,9.337244106281224e-05,1.1423049269142157e-05,0.0026829420882602535,1.0399409274303457e-05
start-2-hold,27,1.35,hold,0.0014995371777215773,0.1621048100353547,0.0023641261899872467,9.3372441062812e-05,1.1423049269142157e-05,0.002682942088260252,1.0399409274303457e-05
start-2-hold,28,1.4,hold,0.0014995371777215738,0.1621048100353547,0.0023641261899872428,9.337244106281224e-05,1.1423049269142157e-05,0.0026829420882602487,1.0399409274303457e-05
start-2-hold,29,1.45,hold,0.0014995371777215773,0.1621048100353547,0.002364126189987246,9.337244106281224e-05,1.1423049269142157e-05,0.002682942088260252,1.0399409274303457e-05
start-2-hold,30,1.5,hold,0.0014995371777215742,0.1621048100353547,0.0023641261899872445,9.337244106281224e-05,1.1423049269142157e-05,0.002682942088260249,1.0399409274303457e-05
start-2-hold,31,1.55,hold,0.0014995371777215734,0.1621048100353547,0.0023641261899872428,9.337244106281224e-05,1.1423049269142157e-05,0.0026829420882602483,1.0399409274303457e-05
start-2-hold,32,1.6,hold,0.0014995371777215846,0.1621048100353547,0.0023641261899872514,9.337244106281224e-05,1.1423049269142157e-05,0.0026829420882602596,1.0399409274303457e-05
start-2-hold,33,1.65,hold,0.0014995371777215846,0.1621048100353547,0.002364126189987252,9.337244106281247e-05,1.1423049269142157e-05,0.0026829420882602596,1.0399409274303457e-05
start-2-hold,34,1.7,hold,0.0014995371777215777,0.1621048100353547,0.0023641261899872462,9.337244106281247e-05,1.1423049269142157e-05,0.0026829420882602526,1.0399409274303457e-05
start-2-hold,35,1.75,hold,0.0014995371777215803,0.1621048100353547,0.0023641261899872484,9.337244106281224e-05,1.1423049269142157e-05,0.0026829420882602552,1.0399409274303457e-05
start-2-hold,36,1.8,hold,0.0014995371777215807,0.1621048100353547,0.002364126189987249,9.337244106281224e-05,1.1423049269142157e-05,0.0026829420882602557,1.0399409274303457e-05
start-2-hold,37,1.8499999999999999,hold,0.0014995371777215816,0.1621048100353547,0.0023641261899872497,9.337244106281224e-05,1.1423049269142157e-05,0.0026829420882602565,1.0399409274303457e-05
start-2-hold,38,1.9,hold,0.001499537177721579,0.1621048100353547,0.0023641261899872475,9.337244106281224e-05,1.1423049269142157e-05,0.002682942088260254,1.0399409274303457e-05
start-2-hold,39,1.95,hold,0.0014995371777215764,0.1621048100353547,0.002364126189987245,9.337244106281247e-05,1.1423049269142157e-05,0.0026829420882602513,1.0399409274303457e-05
start-2-hold,40,2.0,hold,0.0014995371777215786,0.1621048100353547,0.002364126189987247,9.337244106281224e-05,1.1423049269142157e-05,0.0026829420882602535,1.0399409274303457e-05
start-2-hold,41,2.05,hold,0.0014995371777215786,0.1621048100353547,0.002364126189987247,9.337244106281224e-05,1.1423049269142157e-05,0.0026829420882602535,1.0399409274303457e-05
start-2-hold,42,2.1,hold,0.001499537177721585,0.1621048100353547,0.002364126189987252,9.337244106281247e-05,1.1423049269142157e-05,0.00268294208826026,1.0399409274303457e-05
start-2-hold,43,2.15,hold,0.001499537177721586,0.1621048100353547,0.0023641261899872527,9.337244106281247e-05,1.1423049269142157e-05,0.002682942088260261,1.0399409274303457e-05
start-2-hold,44,2.2,hold,0.0014995371777215764,0.1621048100353547,0.0023641261899872454,9.337244106281224e-05,1.1423049269142157e-05,0.0026829420882602513,1.0399409274303457e-05
start-2-hold,45,2.25,hold,0.0014995371777215816,0.1621048100353547,0.0023641261899872493,9.337244106281224e-05,1.1423049269142157e-05,0.0026829420882602565,1.0399409274303457e-05
start-2-hold,46,2.3,hold,0.0014995371777215812,0.1621048100353547,0.002364126189987249,9.337244106281224e-05,1.1423049269142157e-05,0.002682942088260256,1.0399409274303457e-05
start-2-hold,47,2.35,hold,0.001499537177721583,0.1621048100353547,0.0023641261899872506,9.3372441062812e-05,1.1423049269142157e-05,0.002682942088260258,1.0399409274303457e-05
start-2-hold,48,2.4,hold,0.0014995371777215799,0.1621048100353547,0.002364126189987248,9.337244106281224e-05,1.1423049269142157e-05,0.002682942088260255,1.0399409274303457e-05
start-2-hold,49,2.45,hold,0.0014995371777215794,0.1621048100353547,0.0023641261899872475,9.337244106281224e-05,1.1423049269142157e-05,0.0026829420882602544,1.0399409274303457e-05
start-2-hold,50,2.5,hold,0.0014995371777215781,0.1621048100353547,0.0023641261899872467,9.3372441062812e-05,1.1423049269142157e-05,0.002682942088260253,1.0399409274303457e-05
start-2-hold,51,2.55,hold,0.0014995371777215777,0.1621048100353547,0.0023641261899872462,9.337244106281224e-05,1.1423049269142157e-05,0.0026829420882602526,1.0399409274303457e-05
start-2-hold,52,2.6,hold,0.001499537177721583,0.1621048100353547,0.0023641261899872506,9.337244106281224e-05,1.1423049269142157e-05,0.002682942088260258,1.0399409274303457e-05
start-2-hold,53,2.65,hold,0.0014995371777215868,0.1621048100353547,0.002364126189987253,9.337244106281224e-05,1.1423049269142157e-05,0.0026829420882602617,1.0399409274303457e-05
start-2-hold,54,2.7,hold,0.0014995371777215799,0.1621048100353547,0.002364126189987248,9.337244106281224e-05,1.1423049269142157e-05,0.002682942088260255,1.0399409274303457e-05
start-2-hold,55,2.75,hold,0.0014995371777215812,0.1621048100353547,0.002364126189987249,9.337244106281224e-05,1.1423049269142157e-05,0.002682942088260256,1.0399409274303457e-05
start-2-hold,56,2.8,hold,0.0014995371777215825,0.1621048100353547,0.00236412618998725,9.337244106281247e-05,1.1423049269142157e-05,0.0026829420882602574,1.0399409274303457e-05
start-2-hold,57,2.85,hold,0.0014995371777215825,0.1621048100353547,0.00236412618998725,9.337244106281247e-05,1.1423049269142157e-05,0.0026829420882602574,1.0399409274303457e-05
start-2-hold,58,2.9,hold,0.001499537177721582,0.1621048100353547,0.0023641261899872497,9.337244106281224e-05,1.1423049269142157e-05,0.002682942088260257,1.0399409274303457e-05
start-2-hold,59,2.95,hold,0.0014995371777215825,0.1621048100353547,0.0023641261899872497,9.337244106281224e-05,1.1423049269142157e-05,0.0026829420882602574,1.0399409274303457e-05
start-2-hold,60,3.0,hold,0.001499537177721576,0.1621048100353547,0.0023641261899872454,9.3372441062812e-05,1.1423049269142157e-05,0.002682942088260251,1.0399409274303457e-05
start-2-hold,61,3.05,hold,0.0014995371777215794,0.1621048100353547,0.0023641261899872475,9.337244106281224e-05,1.1423049269142157e-05,0.0026829420882602544,1.0399409274303457e-05
start-2-hold,62,3.1,hold,0.001499537177721582,0.1621048100353547,0.0023641261899872497,9.337244106281224e-05,1.1423049269142157e-05,0.002682942088260257,1.0399409274303457e-05
start-2-hold,63,3.15,hold,0.001499537177721586,0.1621048100353547,0.0023641261899872523,9.337244106281224e-05,1.1423049269142157e-05,0.002682942088260261,1.0399409274303457e-05
start-2-hold,64,3.2,hold,0.0014995371777215812,0.1621048100353547,0.002364126189987249,9.3372441062812e-05,1.1423049269142157e-05,0.002682942088260256,1.0399409274303457e-05
start-2-hold,65,3.25,hold,0.0014995371777215794,0.1621048100353547,0.0023641261899872475,9.337244106281224e-05,1.1423049269142157e-05,0.0026829420882602544,1.0399409274303457e-05
start-2-hold,66,3.3,hold,0.001499537177721582,0.1621048100353547,0.00236412618998725,9.337244106281247e-05,1.1423049269142157e-05,0.002682942088260257,1.0399409274303457e-05
start-2-hold,67,3.35,hold,0.0014995371777215842,0.1621048100353547,0.0023641261899872514,9.337244106281224e-05,1.1423049269142157e-05,0.002682942088260259,1.0399409274303457e-05
start-2-hold,68,3.4,hold,0.0014995371777215816,0.1621048100353547,0.0023641261899872493,9.337244106281224e-05,1.1423049269142157e-05,0.0026829420882602565,1.0399409274303457e-05
start-2-hold,69,3.4499999999999997,hold,0.001499537177721582,0.1621048100353547,0.0023641261899872493,9.337244106281247e-05,1.1423049269142157e-05,0.002682942088260257,1.0399409274303457e-05
start-2-hold,70,3.5,hold,0.001499537177721576,0.1621048100353547,0.0023641261899872454,9.337244106281247e-05,1.1423049269142157e-05,0.002682942088260251,1.0399409274303457e-05
start-2-hold,71,3.55,hold,0.0014995371777215825,0.1621048100353547,0.00236412618998725,9.337244106281247e-05,1.1423049269142157e-05,0.0026829420882602574,1.0399409274303457e-05
start-2-hold,72,3.6,hold,0.0014995371777215833,0.1621048100353547,0.0023641261899872506,9.337244106281224e-05,1.1423049269142157e-05,0.0026829420882602583,1.0399409274303457e-05
start-2-hold,73,3.65,hold,0.0014995371777215855,0.1621048100353547,0.002364126189987252,9.337244106281247e-05,1.1423049269142157e-05,0.0026829420882602604,1.0399409274303457e-05
start-2-hold,74,3.6999999999999997,hold,0.0014995371777215807,0.1621048100353547,0.0023641261899872484,9.337244106281247e-05,1.1423049269142157e-05,0.0026829420882602557,1.0399409274303457e-05
start-2-hold,75,3.75,hold,0.0014995371777215803,0.1621048100353547,0.002364126189987248,9.337244106281224e-05,1.1423049269142157e-05,0.0026829420882602552,1.0399409274303457e-05
start-2-hold,76,3.8,hold,0.001499537177721582,0.1621048100353547,0.0023641261899872506,9.337244106281224e-05,1.1423049269142157e-05,0.002682942088260257,1.0399409274303457e-05
start-2-hold,77,3.85,hold,0.001499537177721583,0.1621048100353547,0.00236412618998725,9.337244106281224e-05,1.1423049269142157e-05,0.002682942088260258,1.0399409274303457e-05
start-2-hold,78,3.9,hold,0.0014995371777215816,0.1621048100353547,0.0023641261899872493,9.337244106281224e-05,1.1423049269142157e-05,0.0026829420882602565,1.0399409274303457e-05
start-2-hold,79,3.9499999999999997,hold,0.0014995371777215807,0.1621048100353547,0.0023641261899872484,9.337244106281224e-05,1.1423049269142157e-05,0.0026829420882602557,1.0399409274303457e-05
start-2-hold,80,4.0,hold,0.001499537177721575,0.1621048100353547,0.0023641261899872445,9.337244106281224e-05,1.1423049269142157e-05,0.00268294208826025,1.0399409274303457e-05
start-2-hold,81,4.05,hold,0.001499537177721586,0.1621048100353547,0.0023641261899872527,9.337244106281224e-05,1.1423049269142157e-05,0.002682942088260261,1.0399409274303457e-05
start-2-hold,82,4.1,hold,0.0014995371777215812,0.1621048100353547,0.002364126189987249,9.337244106281247e-05,1.1423049269142157e-05,0.002682942088260256,1.0399409274303457e-05
start-2-hold,83,4.15,hold,0.0014995371777215825,0.1621048100353547,0.0023641261899872497,9.337244106281224e-05,1.1423049269142157e-05,0.0026829420882602574,1.0399409274303457e-05
start-2-hold,84,4.2,hold,0.0014995371777215803,0.1621048100353547,0.0023641261899872484,9.337244106281224e-05,1.1423049269142157e-05,0.0026829420882602552,1.0399409274303457e-05
start-2-hold,85,4.25,hold,0.0014995371777215794,0.1621048100353547,0.002364126189987247,9.337244106281247e-05,1.1423049269142157e-05,0.0026829420882602544,1.0399409274303457e-05
start-2-hold,86,4.3,hold,0.0014995371777215812,0.1621048100353547,0.0023641261899872497,9.337244106281224e-05,1.1423049269142157e-05,0.002682942088260256,1.0399409274303457e-05
start-2-hold,87,4.35,hold,0.0014995371777215794,0.1621048100353547,0.0023641261899872475,9.337244106281247e-05,1.1423049269142157e-05,0.0026829420882602544,1.0399409274303457e-05
start-2-hold,88,4.4,hold,0.0014995371777215842,0.1621048100353547,0.0023641261899872514,9.337244106281224e-05,1.1423049269142157e-05,0.002682942088260259,1.0399409274303457e-05
start-2-hold,89,4.45,hold,0.0014995371777215807,0.1621048100353547,0.0023641261899872484,9.337244106281224e-05,1.1423049269142157e-05,0.0026829420882602557,1.0399409274303457e-05
start-2-hold,90,4.5,hold,0.0014995371777215703,0.1621048100353547,0.0023641261899872406,9.337244106281224e-05,1.1423049269142157e-05,0.0026829420882602453,1.0399409274303457e-05
start-2-hold,91,4.55,hold,0.001499537177721588,0.1621048100353547,0.002364126189987254,9.337244106281224e-05,1.1423049269142157e-05,0.002682942088260263,1.0399409274303457e-05
start-2-hold,92,4.6,hold,0.0014995371777215816,0.1621048100353547,0.0023641261899872493,9.337244106281247e-05,1.1423049269142157e-05,0.0026829420882602565,1.0399409274303457e-05
start-2-hold,93,4.65,hold,0.001499537177721579,0.1621048100353547,0.0023641261899872467,9.337244106281224e-05,1.1423049269142157e-05,0.002682942088260254,1.0399409274303457e-05
start-2-hold,94,4.7,hold,0.001499537177721579,0.1621048100353547,0.002364126189987247,9.337244106281224e-05,1.1423049269142157e-05,0.002682942088260254,1.0399409274303457e-05
start-2-hold,95,4.75,hold,0.0014995371777215773,0.1621048100353547,0.0023641261899872454,9.337244106281224e-05,1.1423049269142157e-05,0.002682942088260252,1.0399409274303457e-05
start-2-hold,96,4.8,hold,0.0014995371777215825,0.1621048100353547,0.0023641261899872506,9.337244106281224e-05,1.1423049269142157e-05,0.0026829420882602574,1.0399409274303457e-05
start-2-hold,97,4.85,hold,0.0014995371777215781,0.1621048100353547,0.0023641261899872467,9.337244106281224e-05,1.1423049269142157e-05,0.002682942088260253,1.0399409274303457e-05
start-2-hold,98,4.9,hold,0.0014995371777215842,0.1621048100353547,0.0023641261899872514,9.337244106281224e-05,1.1423049269142157e-05,0.002682942088260259,1.0399409274303457e-05
start-2-hold,99,4.95,hold,0.0014995371777215825,0.1621048100353547,0.0023641261899872497,9.337244106281224e-05,1.1423049269142157e-05,0.0026829420882602574,1.0399409274303457e-05
start-2-hold,100,5.0,hold,0.0014995371777215699,0.1621048100353547,0.00236412618998724,9.337244106281224e-05,1.1423049269142157e-05,0.002682942088260245,1.0399409274303457e-05
start-3-home,1,0.05,home,0.1928401050235533,0.1928401050235533,-0.04953273462688975,0.07838816966963234,-0.02806072085602123,-0.07104380230843935,-0.04659671779287077
start-3-home,2,0.1,home,0.020003068703316394,0.020003068703316394,-0.005530298499498908,0.011150070992496899,-0.004033083652209019,-0.008159449463813957,-0.006589949962047835
start-3-home,3,0.15,home,0.04221037551064379,-0.04221037551064379,0.0002575681178722595,0.001586005690165822,-0.0005740282194537245,0.00018410487493462595,-0.0009370436743271665
start-3-home,4,0.2,home,0.00873830253170386,-0.00873830253170386,0.0010388832565296209,0.00022559623619715382,-8.16423352483768e-05,0.0013169031228920372,-0.00013329386083020547
start-3-home,5,0.25,home,0.0014739219835506736,-0.001242946038984183,0.001146827368582139,3.208920503998999e-05,-1.1611266889421167e-05,0.0014739219835506736,-1.8961340783027276e-05
start-3-home,6,0.3,home,0.0014959343635692819,-0.00017679805131371536,0.00116193163287093,4.564424909990888e-06,-1.6513553331430432e-06,0.0014959343635692819,-2.6973021335719577e-06
start-3-home,7,0.35,home,0.0014990397737766228,-2.5147954933415872e-05,0.001164060207374012,6.492518195131215e-07,-2.3485564289694393e-07,0.0014990397737766228,-3.8369874144185766e-07
start-3-home,8,0.4,home,0.0014994795057022379,-3.5770735766342997e-06,0.0011643614436811953,9.235071963074288e-08,-3.340114851858069e-08,0.0014994795057022379,-5.45822178941483e-08
start-3-home,9,0.45,home,0.0014995419012580281,-5.088069950394155e-07,0.001164404174511662,1.3136128632942515e-08,-4.750308252745919e-09,0.0014995419012580281,-7.764472924399458e-09
start-3-home,10,0.5,home,0.0014995507647761446,-7.237328302718436e-08,0.0011644102436511076,1.86850601860281e-09,-6.755883982689828e-10,0.0014995507647761446,-1.1045179388296242e-09
start-3-home,11,0.55,home,0.0014995520246327988,-1.0294457722935483e-08,0.0011644111062532783,2.65779579306508e-10,-9.608211917954267e-11,0.0014995520246327988,-1.5712075597000216e-10
start-3-home,12,0.6,home,0.0014995522037665183,-1.4642953234409926e-09,0.001164411228899483,3.780495448042706e-11,-1.3664790054303606e-11,0.0014995522037665183,-2.2350865157549677e-11
start-3-home,13,0.65,home,0.0014995522292412357,-2.0828302503777999e-10,0.0011644112463409767,5.377443109868517e-12,-1.943405170712896e-12,0.0014995522292412357,-3.179472764485902e-12
start-3-home,14,0.7,home,0.0014995522328643425,-2.962641336952062e-11,0.0011644112488215861,7.648968852694967e-13,-2.763909026439438e-13,0.0014995522328643425,-4.522888401759147e-13
start-3-home,15,0.75,home,0.0014995522333796623,-4.2140945934390684e-12,0.0011644112491744113,1.0880018052640458e-13,-3.930828846992204e-14,0.0014995522333796623,-6.43393437960902e-14
start-3-home,16,0.8,home,0.0014995522334529568,-5.994175883725763e-13,0.0011644112492245958,1.5475526965804326e-14,-5.5904211305575184e-15,0.0014995522334529568,-9.15245020062364e-15
start-3-home,17,0.85,home,0.001499552233463387,-8.526183680004668e-14,0.0011644112492317379,2.2014229276297976e-15,-7.950691732838454e-16,0.001499552233463387,-1.301961416350321e-15
start-3-home,18,0.9,home,0.0014995522334648726,-1.2127740260368601e-14,0.001164411249232755,3.1288730344971347e-16,-1.130746638837236e-16,0.0014995522334648726,-1.852076178708368e-16
start-3-home,19,0.95,home,0.0014995522334650842,-1.7250635153945604e-15,0.0011644112492329,4.4814702295430876e-17,-1.608146818170298e-17,0.0014995522334650842,-2.6346296190606795e-17
start-3-home,20,1.0,home,0.0014995522334651115,-2.453749890916213e-16,0.0011644112492329186,6.188192897013969e-18,-2.287104909239986e-18,0.0014995522334651115,-3.747833477544931e-18
start-3-home,21,1.05,home,0.0014995522334651135,-3.4902416504565655e-17,0.0011644112492329196,6.370777738881873e-19,-3.2527184749344914e-19,0.0014995522334651135,-5.331396649732738e-19
start-3-home,22,1.1,home,0.0014995522334651193,-4.964559277884371e-18,0.0011644112492329242,4.05781310424613e-19,-4.626013190053447e-20,0.0014995522334651193,-7.584058870063964e-20
start-3-home,23,1.15,home,0.0014995522334651141,-7.061645383933498e-19,0.0011644112492329196,1.7448484696103872e-19,-6.579111656744116e-21,0.0014995522334651141,-1.078853285471632e-20
start-3-home,24,1.2,home,0.0014995522334651243,-1.0044564435599358e-19,0.0011644112492329279,1.7448484696103872e-19,-9.356806479707903e-22,0.0014995522334651243,-1.534698517943618e-21
start-3-home,25,1.25,home,0.0014995522334651109,-1.428750231447089e-20,0.0011644112492329173,-5.194045434296841e-19,-1.3307241473696253e-22,0.0014995522334651109,-2.183150879410314e-22
start-3-home,26,1.3,home,0.0014995522334651074,-2.032270526296607e-21,0.0011644112492329142,-5.194045434296841e-19,-1.8925546448278158e-23,0.0014995522334651074,-3.10559215473695e-23
start-3-home,27,1.35,home,0.0014995522334651096,-2.890724637414291e-22,0.0011644112492329164,-7.507010068932583e-19,-2.6915894558156365e-24,0.0014995522334651096,-4.417790153880709e-24
start-3-home,28,1.4,home,0.0014995522334651146,-4.1117995004566575e-23,0.0011644112492329203,-7.507010068932583e-19,-3.82797602090746e-25,0.0014995522334651146,-6.284427742988674e-25
start-3-home,29,1.45,home,0.0014995522334651178,-5.848670234510629e-24,0.0011644112492329233,-7.507010068932583e-19,-5.44414393695195e-26,0.0014995522334651178,-8.939770785170436e-26
start-3-home,30,1.5,home,0.0014995522334651126,-8.319214867022864e-25,0.0011644112492329188,-5.194045434296841e-19,-7.742656444129066e-27,0.0014995522334651126,-1.2717068846251452e-26
start-3-home,31,1.55,home,0.0014995522334651072,-1.1833345576668487e-25,0.0011644112492329147,-7.507010068932583e-19,-1.1011598794240775e-27,0.0014995522334651072,-1.8090378494586177e-27
start-3-home,32,1.6,home,0.0014995522334651035,-1.6831884963502426e-26,0.0011644112492329112,-7.507010068932583e-19,-1.566068556448322e-28,0.0014995522334651035,-2.5734058076145376e-28
start-3-home,33,1.65,home,0.0014995522334651117,-2.3941864097025713e-27,0.001164411249232918,-9.819974703568325e-19,-2.2272612445513897e-29,0.0014995522334651117,-3.660740063960144e-29
start-3-home,34,1.7,home,0.0014995522334651115,-3.4055179087663e-28,0.0011644112492329181,-9.819974703568325e-19,-3.167608870668424e-30,0.0014995522334651115,-5.207502655687206e-30
start-3-home,35,1.75,home,0.001499552233465114,-4.8440473087248495e-29,0.0011644112492329196,-9.819974703568325e-19,-4.504970390017394e-31,0.001499552233465114,-7.407814527272613e-31
start-3-home,36,1.8,home,0.0014995522334651141,-6.890227851714232e-30,0.0011644112492329194,-7.507010068932583e-19,-6.40696469910154e-32,0.0014995522334651141,-1.0537817975805766e-31
start-3-home,37,1.8499999999999999,home,0.0014995522334651187,-9.800738278100202e-31,0.001164411249232923,-7.507010068932583e-19,-9.111979236643709e-33,0.0014995522334651187,-1.4990332885271903e-32
start-3-home,38,1.9,home,0.0014995522334651042,-1.3940681342584591e-31,0.0011644112492329125,-9.819974703568325e-19,-1.2959048396297438e-33,0.0014995522334651042,-2.132415615184716e-33
start-3-home,39,1.95,home,0.0014995522334651198,-1.9829383349277616e-32,0.0011644112492329246,-7.507010068932583e-19,-1.8430346577417925e-34,0.0014995522334651198,-3.0334191440972324e-34
start-3-home,40,2.0,home,0.001499552233465106,-2.8205539930692246e-33,0.0011644112492329136,-7.507010068932583e-19,-2.621162176235023e-35,0.001499552233465106,-4.315121064929124e-35
start-3-home,41,2.05,home,0.001499552233465119,-4.011988014393731e-34,0.0011644112492329238,-7.507010068932583e-19,-3.7278144093846404e-36,0.001499552233465119,-6.138376725965375e-36
start-3-home,42,2.1,home,0.0014995522334651143,-5.706697293402866e-35,0.00116441124923292,-7.507010068932583e-19,-5.3016941861935724e-37,0.0014995522334651143,-8.732007189085895e-37
start-3-home,43,2.15,home,0.001499552233465121,-8.117271014506192e-36,0.0011644112492329253,-2.881080799661097e-19,-7.540064541077465e-38,0.001499552233465121,-1.2421516567088767e-37
start-3-home,44,2.2,home,0.0014995522334651222,-1.1546098448590802e-36,0.0011644112492329268,-9.819974703568325e-19,-1.0723472778129397e-38,0.0014995522334651222,-1.7669943204004486e-38
start-3-home,45,2.25,home,0.0014995522334651208,-1.6423301529945971e-37,0.0011644112492329257,-9.819974703568325e-19,-1.5250913012324163e-39,0.0014995522334651208,-2.513597157052596e-39
start-3-home,46,2.3,home,0.0014995522334651059,-2.3360690584826262e-38,0.0011644112492329138,-7.507010068932583e-19,-2.1689834302918038e-40,0.0014995522334651059,-3.5756597986389734e-40
start-3-home,47,2.35,home,0.0014995522334651033,-3.3228511573075783e-39,0.0011644112492329116,-7.507010068932583e-19,-3.0847262174262824e-41,0.0014995522334651033,-5.086472481491217e-41
start-3-home,48,2.4,home,0.001499552233465113,-4.726461223707364e-40,0.001164411249232919,-5.194045434296841e-19,-4.387094757656529e-42,0.001499552233465113,-7.23564413376504e-42
start-3-home,49,2.45,home,0.0014995522334651122,-6.72297212730903e-41,0.0011644112492329181,-7.507010068932583e-19,-6.239322084381177e-43,0.0014995522334651122,-1.0292898525108637e-42
start-3-home,50,2.5,home,0.001499552233465106,-9.562831919011879e-42,0.0011644112492329136,-7.507010068932583e-19,-8.873558065894499e-44,0.001499552233465106,-1.464192492234563e-43
start-3-home,51,2.55,home,0.001499552233465105,-1.3602280753093883e-42,0.0011644112492329125,-7.507010068932583e-19,-1.261996602898745e-44,0.001499552233465105,-2.0828531546479944e-44
start-3-home,52,2.6,home,0.0014995522334651208,-1.934803867447824e-43,0.001164411249232925,-7.507010068932583e-19,-1.794810394997312e-45,0.0014995522334651208,-2.9629145143349745e-45
start-3-home,53,2.65,home,0.0014995522334651187,-2.7520870035556713e-44,0.0011644112492329238,-7.507010068932583e-19,-2.5525776746079517e-46,0.0014995522334651187,-4.2148253439244155e-46
start-3-home,54,2.7,home,0.0014995522334651202,-3.914599824562945e-45,0.0011644112492329248,-7.507010068932583e-19,-3.630273594953565e-47,0.0014995522334651202,-5.995701961539801e-47
start-3-home,55,2.75,home,0.0014995522334651135,-5.568171273892435e-46,0.0011644112492329196,-7.507010068932583e-19,-5.1629717306217696e-48,0.0014995522334651135,-8.52904650665653e-48
start-3-home,56,2.8,home,0.001499552233465114,-7.920230098885783e-47,0.0011644112492329199,-7.507010068932583e-19,-7.34277359377387e-49,0.001499552233465114,-1.2132796708883722e-48
start-3-home,57,2.85,home,0.0014995522334651124,-1.126582530862051e-47,0.001164411249232919,-5.19404543429684e-19,-1.0442885776353004e-49,0.0014995522334651124,-1.7259227425022793e-49
start-3-home,58,2.9,home,0.001499552233465107,-1.602463796914903e-48,0.001164411249232915,-7.507010068932583e-19,-1.4851862439341108e-50,0.001499552233465107,-2.455171162857806e-50
start-3-home,59,2.95,home,0.0014995522334651122,-2.27936272021716e-49,0.0011644112492329186,-7.507010068932583e-19,-2.1122304949134896e-51,0.0014995522334651122,-3.4925464413898793e-51
start-3-home,60,3.0,home,0.0014995522334651046,-3.242191445261038e-50,0.0011644112492329123,-5.194045434296841e-19,-3.0040122455109476e-52,0.0014995522334651046,-4.968240346895032e-52
start-3-home,61,3.05,home,0.001499552233465103,-4.611729972298807e-51,0.0011644112492329116,-7.507010068932583e-19,-4.272303421861795e-53,0.001499552233465103,-7.067454112049805e-53
start-3-home,62,3.1,home,0.0014995522334651156,-6.559777147745889e-52,0.0011644112492329212,-9.819974703568325e-19,-6.0760659533688e-54,0.0014995522334651156,-1.0053641381411844e-53
start-3-home,63,3.15,home,0.0014995522334651109,-9.330701605376157e-53,0.0011644112492329175,-5.194045434296841e-19,-8.641375348195419e-55,0.0014995522334651109,-1.4301571915449985e-54
start-3-home,64,3.2,home,0.0014995522334651072,-1.3272096070387121e-53,0.0011644112492329147,-5.194045434296841e-19,-1.2289755983803549e-55,0.0014995522334651072,-2.03443655771506e-55
start-3-home,65,3.25,home,0.0014995522334651265,-1.887838039046079e-54,0.0011644112492329296,-7.507010068932583e-19,-1.7478479530804892e-56,0.0014995522334651265,-2.8940399411006696e-56
start-3-home,66,3.3,home,0.0014995522334651215,-2.6852822983547642e-55,0.0011644112492329257,-7.507010068932583e-19,-2.485787733388486e-57,0.0014995522334651215,-4.1168484715242856e-57
start-3-home,67,3.35,home,0.0014995522334651232,-3.819576085134097e-56,0.0011644112492329272,-9.819974703568325e-19,-3.5352850026652835e-58,0.0014995522334651232,-5.856325891745903e-58
start-3-home,68,3.4,home,0.0014995522334651122,-5.433008473095506e-57,0.0011644112492329188,-9.819974703568325e-19,-5.027879043007894e-59,0.0014995522334651122,-8.33077840570183e-59
start-3-home,69,3.4499999999999997,home,0.0014995522334651202,-7.727973060361765e-58,0.0011644112492329242,-7.507010068932583e-19,-7.150644899084368e-60,0.0014995522334651202,-1.1850752315616037e-59
start-3-home,70,3.5,home,0.0014995522334651113,-1.0992356804934722e-58,0.001164411249232918,-7.507010068932583e-19,-1.0169640525443522e-60,0.0014995522334651113,-1.6858007875626168e-60
start-3-home,71,3.55,home,0.0014995522334650992,-1.5635653393423472e-59,0.001164411249232908,-2.881080799661098e-19,-1.4463253297613243e-61,0.0014995522334650992,-2.398096061446573e-61
start-3-home,72,3.6,home,0.0014995522334651174,-2.2240331308059444e-60,0.0011644112492329229,-7.507010068932583e-19,-2.05696253891725e-62,0.0014995522334651174,-3.41135480607402e-62
start-3-home,73,3.65,home,0.0014995522334651033,-3.163490035035534e-61,0.0011644112492329114,-7.507010068932583e-19,-2.92541020989179e-63,0.0014995522334651033,-4.8527419711452766e-63
start-3-home,74,3.6999999999999997,home,0.0014995522334651035,-4.49978422967301e-62,0.0011644112492329118,-5.194045434296841e-19,-4.160515679903403e-64,0.0014995522334651035,-6.903153017820405e-64
start-3-home,75,3.75,home,0.0014995522334651104,-6.40054430471417e-63,0.0011644112492329168,-5.194045434296841e-19,-5.9170815307171385e-65,0.0014995522334651104,-9.819916458173084e-65
start-3-home,76,3.8,home,0.0014995522334651098,-9.104207075767627e-64,0.0011644112492329162,-7.507010068932583e-19,-8.415267850154292e-66,0.0014995522334651098,-1.3969088806502824e-65
start-3-home,77,3.85,home,0.0014995522334651057,-1.2949927785240897e-64,0.0011644112492329131,-7.507010068932583e-19,-1.19681861103674e-66,0.0014995522334651057,-1.9871394984553634e-66
start-3-home,78,3.9,home,0.0014995522334651044,-1.84201247133543e-65,0.0011644112492329118,-5.194045434296841e-19,-1.7021143155861085e-67,0.0014995522334651044,-2.8267579737415277e-67
start-3-home,79,3.9499999999999997,home,0.0014995522334651198,-2.6200995117710664e-66,0.0011644112492329244,-9.819974703568325e-19,-2.420745396675841e-68,0.0014995522334651198,-4.021137171307955e-68
start-3-home,80,4.0,home,0.001499552233465118,-3.726859379547048e-67,0.001164411249232923,-9.819974703568325e-19,-3.4427818518813324e-69,0.001499552233465118,-5.720172726798609e-69
start-3-home,81,4.05,home,0.0014995522334651206,-5.301127221135078e-68,0.0011644112492329253,-7.507010068932583e-19,-4.8963211479900427e-70,0.0014995522334651206,-8.137095069456536e-70
start-3-home,82,4.1,home,0.0014995522334651143,-7.540383730901807e-69,0.0011644112492329203,-7.507010068932583e-19,-6.963543383137609e-71,0.0014995522334651143,-1.1575230009696423e-70
start-3-home,83,4.15,home,0.0014995522334651133,-1.0725527698987225e-69,0.0011644112492329194,-9.819974703568325e-19,-9.903544923466744e-72,0.0014995522334651133,-1.6466066364477323e-71
start-3-home,84,4.2,home,0.0014995522334651148,-1.5256112765843657e-70,0.001164411249232921,-7.507010068932583e-19,-1.4084812379948324e-72,0.0014995522334651148,-2.3423408134353273e-72
start-3-home,85,4.25,home,0.0014995522334651059,-2.17004685836657e-71,0.0011644112492329142,-7.507010068932583e-19,-2.0031407068015978e-73,0.0014995522334651059,-3.332040736799787e-73
start-3-home,86,4.3,home,0.001499552233465114,-3.0866993727941873e-72,0.0011644112492329199,-7.507010068932583e-19,-2.848864850310723e-74,0.001499552233465114,-4.739914539118652e-74
start-3-home,87,4.35,home,0.0014995522334651057,-4.3905563547867266e-73,0.0011644112492329131,-7.507010068932583e-19,-4.0516529406936863e-75,0.0014995522334651057,-6.742651491776082e-75
start-3-home,88,4.4,home,0.0014995522334651005,-6.2451773849315124e-74,0.0011644112492329092,-7.507010068932583e-19,-5.762257044254436e-76,0.0014995522334651005,-9.591596634979655e-76
start-3-home,89,4.45,home,0.001499552233465113,-8.883211475471061e-75,0.001164411249232919,-7.507010068932583e-19,-8.1950766094924e-77,0.001499552233465113,-1.3644294757038433e-76
start-3-home,90,4.5,home,0.0014995522334651128,-1.2635581234167672e-75,0.001164411249232919,-5.194045434296841e-19,-1.1655030332673905e-77,0.0014995522334651128,-1.9409362512210706e-77
start-3-home,91,4.55,home,0.001499552233465109,-1.797299475190696e-76,0.001164411249232916,-5.194045434296841e-19,-1.6575773300057367e-78,0.001499552233465109,-2.7610320155669765e-78
start-3-home,92,4.6,home,0.0014995522334651245,-2.556499258521613e-77,0.001164411249232928,-9.819974703568325e-19,-2.3574049372024244e-79,0.0014995522334651245,-3.9276393817013194e-79
start-3-home,93,4.65,home,0.0014995522334651187,-3.6363936857893556e-78,0.0011644112492329238,-7.507010068932583e-19,-3.352699109324286e-80,0.0014995522334651187,-5.587168405153659e-80
start-3-home,94,4.7,home,0.0014995522334651213,-5.1724478317516215e-79,0.0011644112492329257,-7.507010068932583e-19,-4.768205555301536e-81,0.0014995522334651213,-7.94789113975063e-81
start-3-home,95,4.75,home,0.0014995522334651141,-7.357348763989305e-80,0.00116441124923292,-7.507010068932583e-19,-6.781337506362341e-82,0.0014995522334651141,-1.130607991113287e-81
start-3-home,96,4.8,home,0.0014995522334651182,-1.0465176765581677e-80,0.0011644112492329227,-7.507010068932583e-19,-9.644411894966746e-83,0.0014995522334651182,-1.608318967592019e-82
start-3-home,97,4.85,home,0.0014995522334651091,-1.4885786758109648e-81,0.0011644112492329164,-7.507010068932583e-19,-1.3716273627806983e-83,0.0014995522334651091,-2.2878750872807736e-83
start-3-home,98,4.9,home,0.001499552233465101,-2.1173712830167958e-82,0.0011644112492329094,-5.194045434296841e-19,-1.9507271597458275e-84,0.001499552233465101,-3.254561084648915e-84
start-3-home,99,4.95,home,0.0014995522334651156,-3.0117730596966193e-83,0.0011644112492329214,-9.819974703568325e-19,-2.7743223524321257e-85,0.0014995522334651156,-4.6296966682117766e-85
start-3-home,100,5.0,home,0.0014995522334651057,-4.283980349474351e-84,0.0011644112492329133,-7.507010068932583e-19,-3.945638669534595e-86,0.0014995522334651057,-6.585862212518303e-86
start-3-hold,1,0.05,home,0.1928401050235533,0.1928401050235533,-0.04953273462688975,0.07838816966963234,-0.02806072085602123,-0.07104380230843935,-0.04659671779287077
start-3-hold,2,0.1,home,0.020003068703316394,0.020003068703316394,-0.005530298499498908,0.011150070992496899,-0.004033083652209019,-0.008159449463813957,-0.006589949962047835
start-3-hold,3,0.15,home,0.04221037551064379,-0.04221037551064379,0.0002575681178722595,0.001586005690165822,-0.0005740282194537245,0.00018410487493462595,-0.0009370436743271665
start-3-hold,4,0.2,home,0.00873830253170386,-0.00873830253170386,0.0010388832565296209,0.00022559623619715382,-8.16423352483768e-05,0.0013169031228920372,-0.00013329386083020547
start-3-hold,5,0.25,hold,0.0013239526140067992,-0.008641624398975874,0.0020669420439756413,0.0002255962361971543,-8.163426730745327e-05,0.0026408557368988363,-0.00013330052561545664
start-3-hold,6,0.3,hold,0.0014860034271992227,-0.008724535168262179,0.0021927774664994935,0.0002255962361971548,-8.163171786381508e-05,0.00280290655009126,-0.00013330262174298638
start-3-hold,7,0.35,hold,0.0014985039677408519,-0.008736328669763963,0.0022024846602962302,0.0002255962361971543,-8.163128290993013e-05,0.002815407090632889,-0.0001333029796853908
start-3-hold,8,0.4,hold,0.0014994587496295429,-0.008738006208144225,0.002203226130694682,0.00022559623619715358,-8.16312157833419e-05,0.00281636187252158,-0.00013330303494714794
start-3-hold,9,0.45,hold,0.0014995316528767272,-0.008738244824917718,0.0022032827523563027,0.0002255962361971541,-8.16312058362559e-05,0.0028164347757687644,-0.00013330304313748537
start-3-hold,10,0.5,hold,0.0014995372190365762,-0.008738278766245725,0.0022032870762725785,0.0002255962361971536,-8.163120439111688e-05,0.0028164403419286134,-0.00013330304432750367
start-3-hold,11,0.55,hold,0.0014995376439565812,-0.008738283594124404,0.0022032874064814552,0.00022559623619715385,-8.16312041832772e-05,0.0028164407668486184,-0.0001333030444986597
start-3-hold,12,0.6,hold,0.0014995376763869564,-0.008738284280850703,0.0022032874317006734,0.00022559623619715385,-8.163120415354371e-05,0.0028164407992789936,-0.00013330304452314584
start-3-hold,13,0.65,hold,0.0014995376788609419,-0.008738284378531885,0.00220328743362701,0.0002255962361971536,-8.163120414930197e-05,0.002816440801752979,-0.00013330304452663898
start-3-hold,14,0.7,hold,0.0014995376790495223,-0.008738284392426231,0.002203287433774196,0.00022559623619715312,-8.163120414869776e-05,0.0028164408019415595,-0.0001333030445271366
start-3-hold,15,0.75,hold,0.0014995376790638724,-0.008738284394402588,0.002203287433785446,0.00022559623619715336,-8.163120414861176e-05,0.0028164408019559096,-0.0001333030445272074
start-3-hold,16,0.8,hold,0.00149953767906496,-0.008738284394683707,0.002203287433786306,0.0002255962361971536,-8.163120414859953e-05,0.0028164408019569973,-0.0001333030445272175
start-3-hold,17,0.85,hold,0.0014995376790650412,-0.008738284394723695,0.002203287433786371,0.0002255962361971536,-8.16312041485978e-05,0.0028164408019570784,-0.00013330304452721892
start-3-hold,18,0.9,hold,0.0014995376790650416,-0.008738284394729382,0.0022032874337863714,0.0002255962361971536,-8.163120414859754e-05,0.002816440801957079,-0.00013330304452721908
start-3-hold,19,0.95,hold,0.0014995376790650403,-0.008738284394730192,0.00220328743378637,0.00022559623619715312,-8.163120414859754e-05,0.0028164408019570775,-0.00013330304452721908
start-3-hold,20,1.0,hold,0.0014995376790650416,-0.008738284394730306,0.002203287433786371,0.00022559623619715336,-8.163120414859754e-05,0.002816440801957079,-0.00013330304452721908
start-3-hold,21,1.05,hold,0.001499537679065046,-0.00873828439473032,0.0022032874337863744,0.00022559623619715312,-8.163120414859754e-05,0.002816440801957083,-0.00013330304452721908
start-3-hold,22,1.1,hold,0.0014995376790650468,-0.00873828439473032,0.0022032874337863753,0.00022559623619715312,-8.163120414859754e-05,0.002816440801957084,-0.00013330304452721908
start-3-hold,23,1.15,hold,0.0014995376790650503,-0.00873828439473032,0.002203287433786378,0.00022559623619715312,-8.163120414859754e-05,0.0028164408019570875,-0.00013330304452721908
start-3-hold,24,1.2,hold,0.0014995376790650516,-0.00873828439473032,0.002203287433786379,0.0002255962361971541,-8.163120414859754e-05,0.0028164408019570888,-0.00013330304452721908
start-3-hold,25,1.25,hold,0.001499537679065053,-0.00873828439473032,0.0022032874337863805,0.0002255962361971541,-8.163120414859754e-05,0.00281644080195709,-0.00013330304452721908
start-3-hold,26,1.3,hold,0.0014995376790650555,-0.00873828439473032,0.0022032874337863813,0.00022559623619715385,-8.163120414859754e-05,0.0028164408019570927,-0.00013330304452721908
start-3-hold,27,1.35,hold,0.0014995376790650455,-0.00873828439473032,0.002203287433786374,0.00022559623619715385,-8.163120414859754e-05,0.0028164408019570827,-0.00013330304452721908
start-3-hold,28,1.4,hold,0.0014995376790650468,-0.00873828439473032,0.0022032874337863744,0.00022559623619715336,-8.163120414859754e-05,0.002816440801957084,-0.00013330304452721908
start-3-hold,29,1.45,hold,0.001499537679065049,-0.00873828439473032,0.002203287433786377,0.00022559623619715312,-8.163120414859754e-05,0.002816440801957086,-0.00013330304452721908
start-3-hold,30,1.5,hold,0.0014995376790650477,-0.00873828439473032,0.0022032874337863757,0.00022559623619715336,-8.163120414859754e-05,0.002816440801957085,-0.00013330304452721908
start-3-hold,31,1.55,hold,0.001499537679065045,-0.00873828439473032,0.0022032874337863744,0.00022559623619715336,-8.163120414859754e-05,0.0028164408019570823,-0.00013330304452721908
start-3-hold,32,1.6,hold,0.0014995376790650325,-0.00873828439473032,0.0022032874337863644,0.00022559623619715312,-8.163120414859754e-05,0.0028164408019570697,-0.00013330304452721908
start-3-hold,33,1.65,hold,0.0014995376790650364,-0.00873828439473032,0.002203287433786368,0.00022559623619715333,-8.163120414859754e-05,0.0028164408019570736,-0.00013330304452721908
start-3-hold,34,1.7,hold,0.0014995376790650486,-0.00873828439473032,0.002203287433786377,0.0002255962361971531,-8.163120414859754e-05,0.0028164408019570857,-0.00013330304452721908
start-3-hold,35,1.75,hold,0.001499537679065052,-0.00873828439473032,0.002203287433786379,0.0002255962361971533,-8.163120414859754e-05,0.002816440801957089,-0.00013330304452721908
start-3-hold,36,1.8,hold,0.0014995376790650416,-0.00873828439473032,0.0022032874337863714,0.00022559623619715306,-8.163120414859754e-05,0.002816440801957079,-0.00013330304452721908
start-3-hold,37,1.8499999999999999,hold,0.001499537679065032,-0.00873828439473032,0.0022032874337863644,0.00022559623619715328,-8.163120414859754e-05,0.0028164408019570692,-0.00013330304452721908
start-3-hold,38,1.9,hold,0.0014995376790650334,-0.00873828439473032,0.002203287433786365,0.00022559623619715328,-8.163120414859754e-05,0.0028164408019570705,-0.00013330304452721908
start-3-hold,39,1.95,hold,0.0014995376790650464,-0.00873828439473032,0.002203287433786375,0.00022559623619715328,-8.163120414859754e-05,0.0028164408019570836,-0.00013330304452721908
start-3-hold,40,2.0,hold,0.0014995376790650407,-0.00873828439473032,0.0022032874337863714,0.00022559623619715328,-8.163120414859754e-05,0.002816440801957078,-0.00013330304452721908
start-3-hold,41,2.05,hold,0.0014995376790650468,-0.00873828439473032,0.002203287433786375,0.00022559623619715328,-8.163120414859754e-05,0.002816440801957084,-0.00013330304452721908
start-3-hold,42,2.1,hold,0.0014995376790650338,-0.00873828439473032,0.002203287433786366,0.00022559623619715328,-8.163120414859754e-05,0.002816440801957071,-0.00013330304452721908
start-3-hold,43,2.15,hold,0.001499537679065046,-0.00873828439473032,0.0022032874337863744,0.00022559623619715328,-8.163120414859754e-05,0.002816440801957083,-0.00013330304452721908
start-3-hold,44,2.2,hold,0.001499537679065036,-0.00873828439473032,0.0022032874337863675,0.00022559623619715328,-8.163120414859754e-05,0.002816440801957073,-0.00013330304452721908
start-3-hold,45,2.25,hold,0.001499537679065045,-0.00873828439473032,0.002203287433786374,0.00022559623619715328,-8.163120414859754e-05,0.0028164408019570823,-0.00013330304452721908
start-3-hold,46,2.3,hold,0.0014995376790650351,-0.00873828439473032,0.0022032874337863666,0.00022559623619715328,-8.163120414859754e-05,0.0028164408019570723,-0.00013330304452721908
start-3-hold,47,2.35,hold,0.001499537679065045,-0.00873828439473032,0.002203287433786374,0.00022559623619715328,-8.163120414859754e-05,0.0028164408019570823,-0.00013330304452721908
start-3-hold,48,2.4,hold,0.0014995376790650364,-0.00873828439473032,0.0022032874337863675,0.00022559623619715328,-8.163120414859754e-05,0.0028164408019570736,-0.00013330304452721908
start-3-hold,49,2.45,hold,0.0014995376790650442,-0.00873828439473032,0.002203287433786373,0.00022559623619715328,-8.163120414859754e-05,0.0028164408019570814,-0.00013330304452721908
start-3-hold,50,2.5,hold,0.0014995376790650355,-0.00873828439473032,0.002203287433786367,0.00022559623619715328,-8.163120414859754e-05,0.0028164408019570727,-0.00013330304452721908
start-3-hold,51,2.55,hold,0.0014995376790650434,-0.00873828439473032,0.0022032874337863722,0.00022559623619715328,-8.163120414859754e-05,0.0028164408019570805,-0.00013330304452721908
start-3-hold,52,2.6,hold,0.001499537679065039,-0.00873828439473032,0.0022032874337863696,0.00022559623619715328,-8.163120414859754e-05,0.002816440801957076,-0.00013330304452721908
start-3-hold,53,2.65,hold,0.0014995376790650416,-0.00873828439473032,0.0022032874337863714,0.00022559623619715328,-8.163120414859754e-05,0.002816440801957079,-0.00013330304452721908
start-3-hold,54,2.7,hold,0.0014995376790650425,-0.00873828439473032,0.0022032874337863722,0.00022559623619715328,-8.163120414859754e-05,0.0028164408019570797,-0.00013330304452721908
start-3-hold,55,2.75,hold,0.001499537679065039,-0.00873828439473032,0.0022032874337863696,0.00022559623619715328,-8.163120414859754e-05,0.002816440801957076,-0.00013330304452721908
start-3-hold,56,2.8,hold,0.001499537679065046,-0.00873828439473032,0.002203287433786375,0.00022559623619715328,-8.163120414859754e-05,0.002816440801957083,-0.00013330304452721908
start-3-hold,57,2.85,hold,0.0014995376790650377,-0.00873828439473032,0.0022032874337863688,0.00022559623619715328,-8.163120414859754e-05,0.002816440801957075,-0.00013330304452721908
start-3-hold,58,2.9,hold,0.0014995376790650486,-0.00873828439473032,0.0022032874337863766,0.00022559623619715328,-8.163120414859754e-05,0.0028164408019570857,-0.00013330304452721908
start-3-hold,59,2.95,hold,0.0014995376790650355,-0.00873828439473032,0.002203287433786367,0.00022559623619715328,-8.163120414859754e-05,0.0028164408019570727,-0.00013330304452721908
start-3-hold,60,3.0,hold,0.0014995376790650481,-0.00873828439473032,0.002203287433786376,0.00022559623619715328,-8.163120414859754e-05,0.0028164408019570853,-0.00013330304452721908
start-3-hold,61,3.05,hold,0.0014995376790650325,-0.00873828439473032,0.0022032874337863653,0.00022559623619715328,-8.163120414859754e-05,0.0028164408019570697,-0.00013330304452721908
start-3-hold,62,3.1,hold,0.0014995376790650477,-0.00873828439473032,0.0022032874337863757,0.00022559623619715328,-8.163120414859754e-05,0.002816440801957085,-0.00013330304452721908
start-3-hold,63,3.15,hold,0.001499537679065033,-0.00873828439473032,0.0022032874337863653,0.00022559623619715328,-8.163120414859754e-05,0.00281644080195707,-0.00013330304452721908
start-3-hold,64,3.2,hold,0.0014995376790650468,-0.00873828439473032,0.0022032874337863753,0.00022559623619715328,-8.163120414859754e-05,0.002816440801957084,-0.00013330304452721908
start-3-hold,65,3.25,hold,0.0014995376790650347,-0.00873828439473032,0.0022032874337863666,0.00022559623619715304,-8.163120414859754e-05,0.002816440801957072,-0.00013330304452721908
start-3-hold,66,3.3,hold,0.0014995376790650464,-0.00873828439473032,0.002203287433786375,0.00022559623619715328,-8.163120414859754e-05,0.0028164408019570836,-0.00013330304452721908
start-3-hold,67,3.35,hold,0.0014995376790650338,-0.00873828439473032,0.002203287433786366,0.00022559623619715328,-8.163120414859754e-05,0.002816440801957071,-0.00013330304452721908
start-3-hold,68,3.4,hold,0.001499537679065046,-0.00873828439473032,0.0022032874337863744,0.00022559623619715328,-8.163120414859754e-05,0.002816440801957083,-0.00013330304452721908
start-3-hold,69,3.4499999999999997,hold,0.001499537679065036,-0.00873828439473032,0.0022032874337863675,0.00022559623619715328,-8.163120414859754e-05,0.002816440801957073,-0.00013330304452721908
start-3-hold,70,3.5,hold,0.001499537679065045,-0.00873828439473032,0.002203287433786374,0.00022559623619715328,-8.163120414859754e-05,0.0028164408019570823,-0.00013330304452721908
start-3-hold,71,3.55,hold,0.0014995376790650351,-0.00873828439473032,0.0022032874337863666,0.00022559623619715328,-8.163120414859754e-05,0.0028164408019570723,-0.00013330304452721908
start-3-hold,72,3.6,hold,0.001499537679065045,-0.00873828439473032,0.002203287433786374,0.00022559623619715328,-8.163120414859754e-05,0.0028164408019570823,-0.00013330304452721908
start-3-hold,73,3.65,hold,0.0014995376790650364,-0.00873828439473032,0.0022032874337863675,0.00022559623619715328,-8.163120414859754e-05,0.0028164408019570736,-0.00013330304452721908
start-3-hold,74,3.6999999999999997,hold,0.0014995376790650442,-0.00873828439473032,0.002203287433786373,0.00022559623619715328,-8.163120414859754e-05,0.0028164408019570814,-0.00013330304452721908
start-3-hold,75,3.75,hold,0.0014995376790650355,-0.00873828439473032,0.002203287433786367,0.00022559623619715328,-8.163120414859754e-05,0.0028164408019570727,-0.00013330304452721908
start-3-hold,76,3.8,hold,0.0014995376790650434,-0.00873828439473032,0.0022032874337863722,0.00022559623619715328,-8.163120414859754e-05,0.0028164408019570805,-0.00013330304452721908
start-3-hold,77,3.85,hold,0.001499537679065039,-0.00873828439473032,0.0022032874337863696,0.00022559623619715328,-8.163120414859754e-05,0.002816440801957076,-0.00013330304452721908
start-3-hold,78,3.9,hold,0.0014995376790650416,-0.00873828439473032,0.0022032874337863714,0.00022559623619715328,-8.163120414859754e-05,0.002816440801957079,-0.00013330304452721908
start-3-hold,79,3.9499999999999997,hold,0.0014995376790650425,-0.00873828439473032,0.0022032874337863722,0.00022559623619715328,-8.163120414859754e-05,0.0028164408019570797,-0.00013330304452721908
start-3-hold,80,4.0,hold,0.001499537679065039,-0.00873828439473032,0.0022032874337863696,0.00022559623619715328,-8.163120414859754e-05,0.002816440801957076,-0.00013330304452721908
start-3-hold,81,4.05,hold,0.001499537679065046,-0.00873828439473032,0.002203287433786375,0.00022559623619715328,-8.163120414859754e-05,0.002816440801957083,-0.00013330304452721908
start-3-hold,82,4.1,hold,0.0014995376790650377,-0.00873828439473032,0.0022032874337863688,0.00022559623619715328,-8.163120414859754e-05,0.002816440801957075,-0.00013330304452721908
start-3-hold,83,4.15,hold,0.0014995376790650486,-0.00873828439473032,0.0022032874337863766,0.00022559623619715328,-8.163120414859754e-05,0.0028164408019570857,-0.00013330304452721908
start-3-hold,84,4.2,hold,0.0014995376790650355,-0.00873828439473032,0.002203287433786367,0.00022559623619715328,-8.163120414859754e-05,0.0028164408019570727,-0.00013330304452721908
start-3-hold,85,4.25,hold,0.0014995376790650481,-0.00873828439473032,0.002203287433786376,0.00022559623619715328,-8.163120414859754e-05,0.0028164408019570853,-0.00013330304452721908
start-3-hold,86,4.3,hold,0.0014995376790650325,-0.00873828439473032,0.0022032874337863653,0.00022559623619715328,-8.163120414859754e-05,0.0028164408019570697,-0.00013330304452721908
start-3-hold,87,4.35,hold,0.0014995376790650477,-0.00873828439473032,0.0022032874337863757,0.00022559623619715328,-8.163120414859754e-05,0.002816440801957085,-0.00013330304452721908
start-3-hold,88,4.4,hold,0.001499537679065033,-0.00873828439473032,0.0022032874337863653,0.00022559623619715328,-8.163120414859754e-05,0.00281644080195707,-0.00013330304452721908
start-3-hold,89,4.45,hold,0.0014995376790650468,-0.00873828439473032,0.0022032874337863753,0.00022559623619715328,-8.163120414859754e-05,0.002816440801957084,-0.00013330304452721908
start-3-hold,90,4.5,hold,0.0014995376790650347,-0.00873828439473032,0.0022032874337863666,0.00022559623619715304,-8.163120414859754e-05,0.002816440801957072,-0.00013330304452721908
start-3-hold,91,4.55,hold,0.0014995376790650464,-0.00873828439473032,0.002203287433786375,0.00022559623619715328,-8.163120414859754e-05,0.0028164408019570836,-0.00013330304452721908
start-3-hold,92,4.6,hold,0.0014995376790650338,-0.00873828439473032,0.002203287433786366,0.00022559623619715328,-8.163120414859754e-05,0.002816440801957071,-0.00013330304452721908
start-3-hold,93,4.65,hold,0.001499537679065046,-0.00873828439473032,0.0022032874337863744,0.00022559623619715328,-8.163120414859754e-05,0.002816440801957083,-0.00013330304452721908
start-3-hold,94,4.7,hold,0.001499537679065036,-0.00873828439473032,0.0022032874337863675,0.00022559623619715328,-8.163120414859754e-05,0.002816440801957073,-0.00013330304452721908
start-3-hold,95,4.75,hold,0.001499537679065045,-0.00873828439473032,0.002203287433786374,0.00022559623619715328,-8.163120414859754e-05,0.0028164408019570823,-0.00013330304452721908
start-3-hold,96,4.8,hold,0.0014995376790650351,-0.00873828439473032,0.0022032874337863666,0.00022559623619715328,-8.163120414859754e-05,0.0028164408019570723,-0.00013330304452721908
start-3-hold,97,4.85,hold,0.001499537679065045,-0.00873828439473032,0.002203287433786374,0.00022559623619715328,-8.163120414859754e-05,0.0028164408019570823,-0.00013330304452721908
start-3-hold,98,4.9,hold,0.0014995376790650364,-0.00873828439473032,0.0022032874337863675,0.00022559623619715328,-8.163120414859754e-05,0.0028164408019570736,-0.00013330304452721908
start-3-hold,99,4.95,hold,0.0014995376790650442,-0.00873828439473032,0.002203287433786373,0.00022559623619715328,-8.163120414859754e-05,0.0028164408019570814,-0.00013330304452721908
start-3-hold,100,5.0,hold,0.0014995376790650355,-0.00873828439473032,0.002203287433786367,0.00022559623619715328,-8.163120414859754e-05,0.0028164408019570727,-0.00013330304452721908
start-4-home,1,0.05,home,0.0895469699620385,0.021152857434701286,0.07286301249582053,-0.0771138836155248,0.0895469699620385,-0.0005746236944960127,-0.014157803164373935
start-4-home,2,0.1,home,0.012737042392851622,0.003009370256188116,0.010596740648074147,-0.010968814305066526,0.012737042392851622,0.00021743807579029882,-0.0020136078658268045
start-4-home,3,0.15,home,0.0024417003305140603,0.00042728709377480085,0.0024417003305140603,-0.0015602234204530436,0.0018116030022977366,0.0012342776440215637,-0.00028630642612311515
start-4-home,4,0.2,home,0.0014554959970466035,6.065767992241637e-05,0.0013411861863864922,-0.00022192892085024974,0.00025764980484412677,0.0014554959970466035,-4.0695185732615705e-05
start-4-home,5,0.25,home,0.0014928034821045872,8.610817170593757e-06,0.0011891818527878983,-3.15675596610742e-05,3.664301543947288e-05,0.0014928034821045872,-5.783977632943103e-06
start-4-home,6,0.3,home,0.0014985554694063028,1.2223649471245e-06,0.0011679061082312354,-4.490225154691997e-06,5.2113680249237545e-06,0.0014985554694063028,-8.220637859501294e-07
start-4-home,7,0.35,home,0.0014994076396632858,1.7352248483711627e-07,0.0011649061842842075,-6.386975159404712e-07,7.411603125962495e-07,0.0014994076396632858,-1.1683784581663025e-07
start-4-home,8,0.4,home,0.0014995314511813587,2.4632529143034088e-08,0.0011644814832712628,-9.08494569458668e-08,1.0540775148218679e-07,0.0014995314511813587,-1.660585501614377e-08
start-4-home,9,0.45,home,0.001499549260901512,3.496718127567818e-09,0.001164421226748222,-1.2922586391075204e-08,1.4991080628278702e-08,0.001499549260901512,-2.360145084385969e-09
start-4-home,10,0.5,home,0.0014995518093806953,4.963758127092838e-10,0.0011644126674838,-1.8381313948455272e-09,2.132030093107699e-09,0.0014995518093806953,-3.354408348528642e-10
start-4-home,11,0.55,home,0.0014995521730455151,7.046264756771023e-11,0.0011644114508936392,-2.6145903967085854e-10,3.032171215712269e-10,0.0014995521730455151,-4.7675244717206683e-11
start-4-home,12,0.6,home,0.0014995522248633976,1.0002433144380571e-11,0.0011644112779118788,-3.719039319305235e-11,4.312351083107278e-11,0.0014995522248633976,-6.77594235988112e-12
start-4-home,13,0.65,home,0.00149955223224101,1.4198769350439768e-12,0.0011644112533118463,-5.2900268168160766e-12,6.133021699950739e-12,0.00149955223224101,-9.630442576861248e-13
start-4-home,14,0.7,home,0.0014995522332909449,2.0155523953633808e-13,0.0011644112498130782,-7.524629736320689e-13,8.722377758016451e-13,0.0014995522332909449,-1.3687450443665208e-13
start-4-home,15,0.75,home,0.0014995522334403353,2.861118296045048e-14,0.0011644112493154396,-1.070315801157456e-13,1.2404957535719677e-13,0.0014995522334403353,-1.9453540073171824e-14
start-4-home,16,0.8,home,0.001499552233461595,4.0614009350949496e-15,0.0011644112492446618,-1.5224693948393307e-14,1.7642319070803655e-14,0.001499552233461595,-2.7648686112060237e-15
start-4-home,17,0.85,home,0.0014995522334646197,5.765198109159623e-16,0.0011644112492345954,-2.1656956212399056e-15,2.509088977530182e-15,0.0014995522334646197,-3.9296160774458493e-16
start-4-home,18,0.9,home,0.0014995522334650456,8.183722999678185e-17,0.00116441124923316,-3.0838501962740416e-16,3.5684240104136563e-16,0.0014995522334650456,-5.585030063615652e-17
start-4-home,19,0.95,home,0.0014995522334651133,1.1616784005810534e-17,0.001164411249232961,-4.4244458352002316e-17,5.0750093090086545e-17,0.0014995522334651133,-7.93780959953109e-18
start-4-home,20,1.0,home,0.0014995522334651174,1.6489945071453918e-18,0.0011644112492329285,-6.08054188051256e-18,7.217673519559932e-18,0.0014995522334651174,-1.1281727575476776e-18
start-4-home,21,1.05,home,0.0014995522334651113,2.3407271790256213e-19,0.0011644112492329183,-9.920196843139273e-19,1.0264968567147869e-18,0.0014995522334651113,-1.6034311178807933e-19
start-4-home,22,1.1,home,0.0014995522334651115,3.322619996336625e-20,0.0011644112492329186,-9.920196843139273e-19,1.4598828749870944e-19,0.0014995522334651115,-2.2788974110521318e-20
start-4-home,23,1.15,home,0.0014995522334651135,4.716380463416931e-21,0.0011644112492329196,-7.60723220850353e-19,2.076244067128942e-20,0.0014995522334651135,-3.2389109665294552e-21
start-4-home,24,1.2,home,0.0014995522334651065,6.694763858445943e-22,0.0011644112492329144,-7.60723220850353e-19,2.9528323813828154e-21,0.0014995522334651065,-4.603339570176489e-22
start-4-home,25,1.25,home,0.0014995522334651143,9.502983192364858e-23,0.0011644112492329203,-7.60723220850353e-19,4.1995154666955705e-22,0.0014995522334651143,-6.542545950602914e-23
start-4-home,26,1.3,home,0.001499552233465111,1.3489098295605787e-23,0.0011644112492329175,-7.60723220850353e-19,5.972546991223519e-23,0.001499552233465111,-9.298658911056891e-24
start-4-home,27,1.35,home,0.0014995522334651055,1.914714960914025e-24,0.001164411249232913,-7.60723220850353e-19,8.494150776504087e-24,0.0014995522334651055,-1.3215804927785141e-24
start-4-home,28,1.4,home,0.001499552233465108,2.7178381348628308e-25,0.0011644112492329153,-7.60723220850353e-19,1.2080373334861687e-24,0.001499552233465108,-1.8783074788702932e-25
start-4-home,29,1.45,home,0.0014995522334651146,3.8578139961200935e-26,0.0011644112492329207,-7.60723220850353e-19,1.7180695722203727e-25,0.0014995522334651146,-2.6695589865925927e-26
start-4-home,30,1.5,home,0.0014995522334651133,5.4759214851597365e-27,0.0011644112492329196,-9.920196843139273e-19,2.443436947822847e-26,0.0014995522334651133,-3.794129241878091e-27
start-4-home,31,1.55,home,0.0014995522334651096,7.7726903279855505e-28,0.0011644112492329164,-7.60723220850353e-19,3.475053754819671e-27,0.0014995522334651096,-5.392429604953933e-28
start-4-home,32,1.6,home,0.0014995522334651124,1.103274894104324e-28,0.001164411249232919,-7.60723220850353e-19,4.942218218336371e-28,0.0014995522334651124,-7.664019706893537e-29
start-4-home,33,1.65,home,0.0014995522334651178,1.5660092249911864e-29,0.0011644112492329227,-9.920196843139273e-19,7.028818153900309e-29,0.0014995522334651178,-1.0892523496917699e-29
start-4-home,34,1.7,home,0.0014995522334651141,2.2228138772002674e-30,0.0011644112492329196,-7.60723220850353e-19,9.996378641740509e-30,0.0014995522334651141,-1.5481041040580986e-30
start-4-home,35,1.75,home,0.0014995522334651096,3.15507784071186e-31,0.0011644112492329162,-7.60723220850353e-19,1.4216840407742776e-30,0.0014995522334651096,-2.2002477319545954e-31
start-4-home,36,1.8,home,0.0014995522334651195,4.4783212641384037e-32,0.0011644112492329244,-7.60723220850353e-19,2.021917720636041e-31,0.0014995522334651195,-3.1271071688161597e-32
start-4-home,37,1.8499999999999999,home,0.0014995522334651109,6.356507936377934e-33,0.0011644112492329173,-7.60723220850353e-19,2.875569501923616e-32,0.0014995522334651109,-4.444405855953399e-33
start-4-home,38,1.9,home,0.0014995522334651076,9.022359230659481e-34,0.0011644112492329149,-7.60723220850353e-19,4.089632271382468e-33,0.0014995522334651076,-6.316615178766679e-34
start-4-home,39,1.95,home,0.0014995522334651143,1.280618589638468e-34,0.00116441124923292,-7.60723220850353e-19,5.816271213039587e-34,0.0014995522334651143,-8.977489174753423e-35
start-4-home,40,2.0,home,0.001499552233465113,1.817680913851441e-35,0.0011644112492329192,-7.60723220850353e-19,8.271895510105946e-35,0.001499552233465113,-1.2759249279376968e-35
start-4-home,41,2.05,home,0.0014995522334651167,2.579963981204285e-36,0.001164411249232922,-7.60723220850353e-19,1.1764282101685615e-35,0.0014995522334651167,-1.8134062827479254e-36
start-4-home,42,2.1,home,0.0014995522334651172,3.6619109719601076e-37,0.0011644112492329229,-9.920196843139273e-19,1.673115106434267e-36,0.0014995522334651172,-2.577299388751323e-37
start-4-home,43,2.15,home,0.0014995522334651159,5.19756651101269e-38,0.0011644112492329214,-7.60723220850353e-19,2.3795027483890897e-37,0.0014995522334651159,-3.6629786397118475e-38
start-4-home,44,2.2,home,0.0014995522334651126,7.37718130362378e-39,0.001164411249232919,-7.60723220850353e-19,3.384126595843201e-38,0.0014995522334651126,-5.205993982939169e-39
start-4-home,45,2.25,home,0.0014995522334651206,1.047077863067729e-39,0.001164411249232925,-9.920196843139273e-19,4.8129016974014607e-39,0.0014995522334651206,-7.398994380344222e-40
start-4-home,46,2.3,home,0.0014995522334651068,1.486160146361989e-40,0.0011644112492329142,-5.294267573867788e-19,6.8449043180898596e-40,0.0014995522334651068,-1.0515780025125253e-40
start-4-home,47,2.35,home,0.0014995522334651154,2.109358258466628e-41,0.0011644112492329214,-9.920196843139273e-19,9.734816555489076e-41,0.0014995522334651154,-1.49454861768087e-41
start-4-home,48,2.4,home,0.0014995522334651048,2.993871667338322e-42,0.0011644112492329127,-7.60723220850353e-19,1.3844847051926327e-41,0.0014995522334651048,-2.124116637222404e-42
start-4-home,49,2.45,home,0.0014995522334651137,4.2492677866018146e-43,0.0011644112492329196,-7.60723220850353e-19,1.9690128601668663e-42,0.0014995522334651137,-3.018884047262225e-43
start-4-home,50,2.5,home,0.0014995522334651048,6.0310523955885e-44,0.0011644112492329131,-7.60723220850353e-19,2.8003282585653914e-43,0.0014995522334651048,-4.290562794907379e-44
start-4-home,51,2.55,home,0.0014995522334651185,8.559929223170136e-45,0.0011644112492329235,-7.60723220850353e-19,3.982624245052067e-44,0.0014995522334651185,-6.097921795638591e-45
start-4-home,52,2.6,home,0.0014995522334651107,1.214913365066357e-45,0.001164411249232917,-9.920196843139273e-19,5.664084497508979e-45,0.0014995522334651107,-8.6666088422365e-46
start-4-home,53,2.65,home,0.0014995522334651107,1.724322523202972e-46,0.001164411249232917,-7.60723220850353e-19,8.055455704810562e-46,0.0014995522334651107,-1.2317322085493808e-46
start-4-home,54,2.7,home,0.0014995522334651148,2.4473142528874977e-47,0.0011644112492329203,-7.60723220850353e-19,1.145646161188155e-46,0.0014995522334651148,-1.750584814940529e-47
start-4-home,55,2.75,home,0.0014995522334651206,3.4734337256879733e-48,0.0011644112492329248,-9.920196843139273e-19,1.6293369050013563e-47,0.0014995522334651206,-2.4879965414622133e-48
start-4-home,56,2.8,home,0.0014995522334651052,4.9297662197828415e-49,0.0011644112492329131,-7.60723220850353e-19,2.31724143102453e-48,0.0014995522334651052,-3.536031650208783e-49
start-4-home,57,2.85,home,0.0014995522334651146,6.99667424726329e-50,0.0011644112492329207,-7.60723220850353e-19,3.295578608189779e-49,0.0014995522334651146,-5.025534636562464e-50
start-4-home,58,2.9,home,0.001499552233465113,9.930131456790003e-51,0.001164411249232919,-7.60723220850353e-19,4.686968831709583e-50,0.001499552233465113,-7.142465522673772e-51
start-4-home,59,2.95,home,0.0014995522334651037,1.4093418430804278e-51,0.0011644112492329116,-5.294267573867788e-19,6.665802713619282e-51,0.0014995522334651037,-1.015111597787327e-51
start-4-home,60,3.0,home,0.001499552233465106,2.000210446486412e-52,0.0011644112492329138,-7.60723220850353e-19,9.48009842017387e-52,0.001499552233465106,-1.4427104620371737e-52
start-4-home,61,3.05,home,0.0014995522334651048,2.83878841257551e-53,0.0011644112492329123,-5.294267573867788e-19,1.348258715676657e-52,0.0014995522334651048,-2.0504270696626085e-53
start-4-home,62,3.1,home,0.0014995522334651048,4.0289171404089906e-54,0.0011644112492329125,-5.294267573867788e-19,1.9174922915670845e-53,0.0014995522334651048,-2.9141320415259667e-54
start-4-home,63,3.15,home,0.0014995522334651185,5.7179666484344726e-55,0.0011644112492329225,-5.294267573867788e-19,2.7270557538164386e-54,0.0014995522334651185,-4.141654613559269e-55
start-4-home,64,3.2,home,0.001499552233465111,8.115081048568279e-56,0.0011644112492329173,-7.60723220850353e-19,3.878416156940864e-55,0.001499552233465111,-5.886244321680125e-56
start-4-home,65,3.25,home,0.0014995522334651063,1.1517071369911206e-56,0.001164411249232914,-9.920196843139273e-19,5.5158798515097915e-56,0.0014995522334651063,-8.365703012790045e-57
start-4-home,66,3.3,home,0.0014995522334651042,1.6345160834451613e-57,0.0011644112492329125,-7.60723220850353e-19,7.844679195099482e-57,0.0014995522334651042,-1.1889575618775386e-57
start-4-home,67,3.35,home,0.0014995522334651156,2.319713090863354e-58,0.0011644112492329214,-7.60723220850353e-19,1.1156695455790676e-57,0.0014995522334651156,-1.6897794173632027e-58
start-4-home,68,3.4,home,0.0014995522334651104,3.2921322571689383e-59,0.0011644112492329173,-5.294267573867787e-19,1.5867041901600906e-58,0.0014995522334651104,-2.4015599353740825e-59
start-4-home,69,3.4499999999999997,home,0.0014995522334651029,4.6721652129151007e-60,0.0011644112492329114,-7.60723220850353e-19,2.2566092236253163e-59,0.0014995522334651029,-3.4131595867820523e-60
start-4-home,70,3.5,home,0.0014995522334651237,6.63066392676934e-61,0.0011644112492329272,-5.294267573867788e-19,3.209347539214015e-60,0.0014995522334651237,-4.850868598700142e-61
start-4-home,71,3.55,home,0.0014995522334651163,9.41008918504075e-62,0.001164411249232922,-7.60723220850353e-19,4.564331085606355e-61,0.0014995522334651163,-6.894172990496966e-62
start-4-home,72,3.6,home,0.0014995522334651048,1.3354522114985104e-62,0.0011644112492329127,-2.9813029392320454e-19,6.491387425163252e-62,0.0014995522334651048,-9.798161482304843e-63
start-4-home,73,3.65,home,0.001499552233465106,1.895225291525594e-63,0.0011644112492329142,-5.294267573867788e-19,9.232045159136323e-63,0.001499552233465106,-1.3925370484695116e-63
start-4-home,74,3.6999999999999997,home,0.001499552233465108,2.689621732766981e-64,0.0011644112492329153,-7.60723220850353e-19,1.3129806039606233e-63,0.001499552233465108,-1.979104258539437e-64
start-4-home,75,3.75,home,0.0014995522334651176,3.816975989204391e-65,0.0011644112492329225,-7.60723220850353e-19,1.8673197938928625e-64,0.0014995522334651176,-2.8127448423284924e-65
start-4-home,76,3.8,home,0.0014995522334651057,5.416833690596045e-66,0.0011644112492329133,-5.294267573867788e-19,2.6557004742841236e-65,0.0014995522334651057,-3.997530161043662e-66
start-4-home,77,3.85,home,0.0014995522334651152,7.687221897417898e-67,0.001164411249232921,-7.60723220850353e-19,3.7769347447497633e-66,0.0014995522334651152,-5.681367850143711e-67
start-4-home,78,3.9,home,0.0014995522334651078,1.0909156321994532e-67,0.0011644112492329155,-7.60723220850353e-19,5.3715530814683934e-67,0.0014995522334651078,-8.074466131401427e-68
start-4-home,79,3.9499999999999997,home,0.0014995522334651193,1.5481417926268303e-68,0.0011644112492329244,-7.60723220850353e-19,7.63941779696918e-68,0.0014995522334651193,-1.1475575440305514e-68
start-4-home,80,4.0,home,0.0014995522334651104,2.19699018592727e-69,0.0011644112492329168,-7.60723220850353e-19,1.086477288626098e-68,0.0014995522334651104,-1.6309283213846596e-69
start-4-home,81,4.05,home,0.0014995522334651072,3.1177644566741e-70,0.0011644112492329147,-9.920196843139273e-19,1.5451869894701088e-69,0.0014995522334651072,-2.317901747706593e-70
start-4-home,82,4.1,home,0.0014995522334651152,4.424419309915397e-71,0.0011644112492329207,-9.920196843139273e-19,2.1975634994146405e-70,0.0014995522334651152,-3.2942375828180645e-71
start-4-home,83,4.15,home,0.0014995522334651104,6.278661059107357e-72,0.0011644112492329168,-7.60723220850353e-19,3.1253727651535743e-71,0.0014995522334651104,-4.681818333760134e-72
start-4-home,84,4.2,home,0.00149955223346512,8.909956256465335e-73,0.0011644112492329242,-7.60723220850353e-19,4.444902240033367e-72,0.00149955223346512,-6.653864363397055e-73
start-4-home,85,4.25,home,0.001499552233465108,1.2643923718028798e-73,0.001164411249232915,-5.294267573867788e-19,6.321535832057081e-73,0.001499552233465108,-9.456557646671352e-74
start-4-home,86,4.3,home,0.0014995522334651141,1.7942622272837052e-74,0.0011644112492329199,-7.60723220850353e-19,8.990482381381157e-74,0.0014995522334651141,-1.3439773496983595e-74
start-4-home,87,4.35,home,0.00149955223346512,2.546171800676085e-75,0.0011644112492329244,-7.60723220850353e-19,1.2786255681734006e-74,0.00149955223346512,-1.9100756532035622e-75
start-4-home,88,4.4,home,0.0014995522334651133,3.6131602612415806e-76,0.0011644112492329194,-7.60723220850353e-19,1.8184600939461424e-75,0.0014995522334651133,-2.7146192970791085e-76
start-4-home,89,4.45,home,0.0014995522334651122,5.127249689551882e-77,0.001164411249232918,-7.60723220850353e-19,2.5862122544589705e-76,0.0014995522334651122,-3.8580427749147456e-77
start-4-home,90,4.5,home,0.001499552233465111,7.275777687057707e-78,0.001164411249232918,-7.60723220850353e-19,3.678108663137837e-77,0.001499552233465111,-5.483083856257895e-78
start-4-home,91,4.55,home,0.0014995522334651137,1.0324572399241557e-78,0.0011644112492329194,-5.294267573867788e-19,5.231002720107262e-78,0.0014995522334651137,-7.792601717435931e-79
start-4-home,92,4.6,home,0.0014995522334651046,1.465083634081916e-79,0.0011644112492329125,-7.60723220850353e-19,7.439527203751928e-79,0.0014995522334651046,-1.1074900013806e-79
start-4-home,93,4.65,home,0.0014995522334651135,2.0789806105351988e-80,0.00116441124923292,-7.60723220850353e-19,1.0580488670483831e-79,0.0014995522334651135,-1.5739715929682722e-80
start-4-home,94,4.7,home,0.001499552233465105,2.9500958657517006e-81,0.0011644112492329127,-7.60723220850353e-19,1.5047561147404546e-80,0.001499552233465105,-2.2369367642446277e-81
start-4-home,95,4.75,home,0.0014995522334651252,4.1861952083508764e-82,0.0011644112492329287,-5.294267573867788e-19,2.1400627469744696e-81,0.0014995522334651252,-3.1791444807579245e-82
start-4-home,96,4.8,home,0.0014995522334651135,5.940191826921867e-83,0.0011644112492329199,-7.60723220850353e-19,3.0435952485083365e-82,0.0014995522334651135,-4.518211579963494e-83
start-4-home,97,4.85,home,0.0014995522334651193,8.42905910013466e-84,0.0011644112492329242,-7.60723220850353e-19,4.32859833191285e-83,0.0014995522334651193,-6.421294719661095e-84
start-4-home,98,4.9,home,0.0014995522334651083,1.196066570286752e-84,0.0011644112492329155,-7.60723220850353e-19,6.1561285220896505e-84,0.0014995522334651083,-9.125956241443798e-85
start-4-home,99,4.95,home,0.0014995522334651143,1.6971851319414245e-85,0.0011644112492329207,-7.60723220850353e-19,8.755240258972759e-85,0.0014995522334651143,-1.2969818544784367e-85
start-4-home,100,5.0,home,0.0014995522334651141,2.408245107919698e-86,0.00116441124923292,-2.9813029392320444e-19,1.2451694554017803e-85,0.0014995522334651141,-1.843270858616506e-86
start-4-hold,1,0.05,home,0.0895469699620385,0.021152857434701286,0.07286301249582053,-0.0771138836155248,0.0895469699620385,-0.0005746236944960127,-0.014157803164373935
start-4-hold,2,0.1,home,0.012737042392851622,0.003009370256188116,0.010596740648074147,-0.010968814305066526,0.012737042392851622,0.00021743807579029882,-0.0020136078658268045
start-4-hold,3,0.15,home,0.0024417003305140603,0.00042728709377480085,0.0024417003305140603,-0.0015602234204530436,0.0018116030022977366,0.0012342776440215637,-0.00028630642612311515
start-4-hold,4,0.2,home,0.0014554959970466035,6.065767992241637e-05,0.0013411861863864922,-0.00022192892085024974,0.00025764980484412677,0.0014554959970466035,-4.0695185732615705e-05
start-4-hold,5,0.25,hold,0.0013234298290280022,6.0607156172197235e-05,0.0023688418584095236,-0.0002219289208502495,0.00025762302864751476,0.0027789258260746057,-4.067308282009015e-05
start-4-hold,6,0.3,hold,0.0014859537441292772,6.060096084543595e-05,0.0024950455556487605,-0.0002219289208502495,0.00025761463286427604,0.0029414497411758807,-4.066615080749884e-05
start-4-hold,7,0.35,hold,0.0014984913301302467,6.0600484725734136e-05,0.0025047816695440233,-0.00022192892085024974,0.0002576132217420397,0.00295398732717685,-4.0664985554665e-05
start-4-hold,8,0.4,hold,0.0014994489274752641,6.060044866920363e-05,0.002505525349888467,-0.00022192892085024974,0.00025761300532127523,0.0029549449245218676,-4.066480683176157e-05
start-4-hold,9,0.45,hold,0.0014995220437633598,6.0600445967314275e-05,0.002505582140490482,-0.00022192892085025047,0.00025761297334699404,0.0029550180408099633,-4.066478042625641e-05
start-4-hold,10,0.5,hold,0.0014995276259309074,6.060044576934712e-05,0.002505586477347023,-0.00022192892085025023,0.0002576129687087437,0.002955023622977511,-4.0664776595767845e-05
start-4-hold,11,0.55,hold,0.0014995280520375435,6.0600445755565166e-05,0.0025055868085506992,-0.00022192892085025023,0.00025761296804220396,0.002955024049084147,-4.066477604530331e-05
start-4-hold,12,0.6,hold,0.0014995280845535716,6.060044575472357e-05,0.002505586833846925,-0.00022192892085024998,0.0002576129679468899,0.002955024081600175,-4.066477596658753e-05
start-4-hold,13,0.65,hold,0.001499528087033387,6.0600445754692254e-05,0.0025055868357792867,-0.00022192892085024998,0.0002576129679332958,0.0029550240840799905,-4.066477595536069e-05
start-4-hold,14,0.7,hold,0.001499528087222308,6.060044575469498e-05,0.002505586835926952,-0.0002219289208502495,0.0002576129679313596,0.0029550240842689114,-4.0664775953761696e-05
start-4-hold,15,0.75,hold,0.0014995280872366805,6.060044575469596e-05,0.002505586835938248,-0.00022192892085024925,0.0002576129679310841,0.002955024084283284,-4.066477595353413e-05
start-4-hold,16,0.8,hold,0.001499528087237766,6.0600445754696164e-05,0.0025055868359391107,-0.0002219289208502495,0.0002576129679310449,0.0029550240842843695,-4.066477595350175e-05
start-4-hold,17,0.85,hold,0.0014995280872378528,6.0600445754696185e-05,0.00250558683593918,-0.00022192892085024974,0.0002576129679310393,0.0029550240842844563,-4.0664775953497144e-05
start-4-hold,18,0.9,hold,0.0014995280872378463,6.0600445754696185e-05,0.002505586835939176,-0.00022192892085024998,0.00025761296793103854,0.0029550240842844498,-4.0664775953496494e-05
start-4-hold,19,0.95,hold,0.0014995280872378653,6.0600445754696185e-05,0.0025055868359391904,-0.00022192892085024998,0.00025761296793103854,0.002955024084284469,-4.06647759534964e-05
start-4-hold,20,1.0,hold,0.001499528087237854,6.0600445754696185e-05,0.0025055868359391826,-0.00022192892085024998,0.00025761296793103854,0.0029550240842844576,-4.06647759534964e-05
start-4-hold,21,1.05,hold,0.0014995280872378601,6.0600445754696185e-05,0.0025055868359391874,-0.00022192892085024998,0.00025761296793103854,0.0029550240842844636,-4.06647759534964e-05
start-4-hold,22,1.1,hold,0.0014995280872378528,6.0600445754696185e-05,0.0025055868359391805,-0.00022192892085024998,0.00025761296793103854,0.0029550240842844563,-4.06647759534964e-05
start-4-hold,23,1.15,hold,0.001499528087237865,6.0600445754696185e-05,0.00250558683593919,-0.00022192892085024998,0.00025761296793103854,0.0029550240842844684,-4.06647759534964e-05
start-4-hold,24,1.2,hold,0.0014995280872378601,6.0600445754696185e-05,0.0025055868359391865,-0.00022192892085024998,0.00025761296793103854,0.0029550240842844636,-4.06647759534964e-05
start-4-hold,25,1.25,hold,0.001499528087237852,6.0600445754696185e-05,0.0025055868359391805,-0.00022192892085025047,0.00025761296793103854,0.0029550240842844554,-4.06647759534964e-05
start-4-hold,26,1.3,hold,0.001499528087237842,6.0600445754696185e-05,0.0025055868359391735,-0.00022192892085025025,0.00025761296793103854,0.0029550240842844454,-4.06647759534964e-05
start-4-hold,27,1.35,hold,0.001499528087237851,6.0600445754696185e-05,0.0025055868359391796,-0.00022192892085025025,0.00025761296793103854,0.0029550240842844545,-4.06647759534964e-05
start-4-hold,28,1.4,hold,0.0014995280872378545,6.0600445754696185e-05,0.0025055868359391826,-0.0002219289208502505,0.00025761296793103854,0.002955024084284458,-4.06647759534964e-05
start-4-hold,29,1.45,hold,0.001499528087237865,6.0600445754696185e-05,0.0025055868359391904,-0.0002219289208502505,0.00025761296793103854,0.0029550240842844684,-4.06647759534964e-05
start-4-hold,30,1.5,hold,0.0014995280872378567,6.0600445754696185e-05,0.002505586835939185,-0.0002219289208502505,0.00025761296793103854,0.00295502408428446,-4.06647759534964e-05
start-4-hold,31,1.55,hold,0.001499528087237861,6.0600445754696185e-05,0.0025055868359391883,-0.0002219289208502505,0.00025761296793103854,0.0029550240842844645,-4.06647759534964e-05
start-4-hold,32,1.6,hold,0.0014995280872378506,6.0600445754696185e-05,0.0025055868359391796,-0.00022192892085025074,0.00025761296793103854,0.002955024084284454,-4.06647759534964e-05
start-4-hold,33,1.65,hold,0.0014995280872378623,6.0600445754696185e-05,0.0025055868359391883,-0.0002219289208502505,0.00025761296793103854,0.002955024084284466,-4.06647759534964e-05
start-4-hold,34,1.7,hold,0.001499528087237858,6.0600445754696185e-05,0.002505586835939185,-0.0002219289208502505,0.00025761296793103854,0.0029550240842844615,-4.06647759534964e-05
start-4-hold,35,1.75,hold,0.0014995280872378627,6.0600445754696185e-05,0.002505586835939189,-0.0002219289208502505,0.00025761296793103854,0.0029550240842844662,-4.06647759534964e-05
start-4-hold,36,1.8,hold,0.001499528087237861,6.0600445754696185e-05,0.0025055868359391874,-0.0002219289208502505,0.00025761296793103854,0.0029550240842844645,-4.06647759534964e-05
start-4-hold,37,1.8499999999999999,hold,0.0014995280872378636,6.0600445754696185e-05,0.0025055868359391896,-0.0002219289208502505,0.00025761296793103854,0.002955024084284467,-4.06647759534964e-05
start-4-hold,38,1.9,hold,0.0014995280872378597,6.0600445754696185e-05,0.0025055868359391865,-0.0002219289208502505,0.00025761296793103854,0.002955024084284463,-4.06647759534964e-05
start-4-hold,39,1.95,hold,0.001499528087237858,6.0600445754696185e-05,0.0025055868359391852,-0.0002219289208502505,0.00025761296793103854,0.0029550240842844615,-4.06647759534964e-05
start-4-hold,40,2.0,hold,0.001499528087237867,6.0600445754696185e-05,0.0025055868359391926,-0.0002219289208502505,0.00025761296793103854,0.0029550240842844706,-4.06647759534964e-05
start-4-hold,41,2.05,hold,0.0014995280872378597,6.0600445754696185e-05,0.002505586835939187,-0.0002219289208502505,0.00025761296793103854,0.002955024084284463,-4.06647759534964e-05
start-4-hold,42,2.1,hold,0.0014995280872378528,6.0600445754696185e-05,0.002505586835939181,-0.0002219289208502505,0.00025761296793103854,0.0029550240842844563,-4.06647759534964e-05
start-4-hold,43,2.15,hold,0.001499528087237865,6.0600445754696185e-05,0.0025055868359391904,-0.0002219289208502505,0.00025761296793103854,0.0029550240842844684,-4.06647759534964e-05
start-4-hold,44,2.2,hold,0.0014995280872378601,6.0600445754696185e-05,0.002505586835939187,-0.0002219289208502505,0.00025761296793103854,0.0029550240842844636,-4.06647759534964e-05
start-4-hold,45,2.25,hold,0.001499528087237858,6.0600445754696185e-05,0.002505586835939185,-0.0002219289208502505,0.00025761296793103854,0.0029550240842844615,-4.06647759534964e-05
start-4-hold,46,2.3,hold,0.0014995280872378627,6.0600445754696185e-05,0.002505586835939189,-0.0002219289208502505,0.00025761296793103854,0.0029550240842844662,-4.06647759534964e-05
start-4-hold,47,2.35,hold,0.001499528087237861,6.0600445754696185e-05,0.0025055868359391874,-0.0002219289208502505,0.00025761296793103854,0.0029550240842844645,-4.06647759534964e-05
start-4-hold,48,2.4,hold,0.0014995280872378636,6.0600445754696185e-05,0.0025055868359391896,-0.0002219289208502505,0.00025761296793103854,0.002955024084284467,-4.06647759534964e-05
start-4-hold,49,2.45,hold,0.0014995280872378597,6.0600445754696185e-05,0.0025055868359391865,-0.0002219289208502505,0.00025761296793103854,0.002955024084284463,-4.06647759534964e-05
start-4-hold,50,2.5,hold,0.001499528087237858,6.0600445754696185e-05,0.0025055868359391852,-0.0002219289208502505,0.00025761296793103854,0.0029550240842844615,-4.06647759534964e-05
start-4-hold,51,2.55,hold,0.001499528087237867,6.0600445754696185e-05,0.0025055868359391926,-0.0002219289208502505,0.00025761296793103854,0.0029550240842844706,-4.06647759534964e-05
start-4-hold,52,2.6,hold,0.0014995280872378597,6.0600445754696185e-05,0.002505586835939187,-0.0002219289208502505,0.00025761296793103854,0.002955024084284463,-4.06647759534964e-05
start-4-hold,53,2.65,hold,0.0014995280872378528,6.0600445754696185e-05,0.002505586835939181,-0.0002219289208502505,0.00025761296793103854,0.0029550240842844563,-4.06647759534964e-05
start-4-hold,54,2.7,hold,0.001499528087237865,6.0600445754696185e-05,0.0025055868359391904,-0.0002219289208502505,0.00025761296793103854,0.0029550240842844684,-4.06647759534964e-05
start-4-hold,55,2.75,hold,0.0014995280872378601,6.0600445754696185e-05,0.002505586835939187,-0.0002219289208502505,0.00025761296793103854,0.0029550240842844636,-4.06647759534964e-05
start-4-hold,56,2.8,hold,0.001499528087237858,6.0600445754696185e-05,0.002505586835939185,-0.0002219289208502505,0.00025761296793103854,0.0029550240842844615,-4.06647759534964e-05
start-4-hold,57,2.85,hold,0.0014995280872378627,6.0600445754696185e-05,0.002505586835939189,-0.0002219289208502505,0.00025761296793103854,0.0029550240842844662,-4.06647759534964e-05
start-4-hold,58,2.9,hold,0.001499528087237861,6.0600445754696185e-05,0.0025055868359391874,-0.0002219289208502505,0.00025761296793103854,0.0029550240842844645,-4.06647759534964e-05
start-4-hold,59,2.95,hold,0.0014995280872378636,6.0600445754696185e-05,0.0025055868359391896,-0.0002219289208502505,0.00025761296793103854,0.002955024084284467,-4.06647759534964e-05
start-4-hold,60,3.0,hold,0.0014995280872378597,6.0600445754696185e-05,0.0025055868359391865,-0.0002219289208502505,0.00025761296793103854,0.002955024084284463,-4.06647759534964e-05
start-4-hold,61,3.05,hold,0.001499528087237858,6.0600445754696185e-05,0.0025055868359391852,-0.0002219289208502505,0.00025761296793103854,0.0029550240842844615,-4.06647759534964e-05
start-4-hold,62,3.1,hold,0.001499528087237867,6.0600445754696185e-05,0.0025055868359391926,-0.0002219289208502505,0.00025761296793103854,0.0029550240842844706,-4.06647759534964e-05
start-4-hold,63,3.15,hold,0.0014995280872378597,6.0600445754696185e-05,0.002505586835939187,-0.0002219289208502505,0.00025761296793103854,0.002955024084284463,-4.06647759534964e-05
start-4-hold,64,3.2,hold,0.0014995280872378528,6.0600445754696185e-05,0.002505586835939181,-0.0002219289208502505,0.00025761296793103854,0.0029550240842844563,-4.06647759534964e-05
start-4-hold,65,3.25,hold,0.001499528087237865,6.0600445754696185e-05,0.0025055868359391904,-0.0002219289208502505,0.00025761296793103854,0.0029550240842844684,-4.06647759534964e-05
start-4-hold,66,3.3,hold,0.0014995280872378601,6.0600445754696185e-05,0.002505586835939187,-0.0002219289208502505,0.00025761296793103854,0.0029550240842844636,-4.06647759534964e-05
start-4-hold,67,3.35,hold,0.001499528087237858,6.0600445754696185e-05,0.002505586835939185,-0.0002219289208502505,0.00025761296793103854,0.0029550240842844615,-4.06647759534964e-05
start-4-hold,68,3.4,hold,0.0014995280872378627,6.0600445754696185e-05,0.002505586835939189,-0.0002219289208502505,0.00025761296793103854,0.0029550240842844662,-4.06647759534964e-05
start-4-hold,69,3.4499999999999997,hold,0.001499528087237861,6.0600445754696185e-05,0.0025055868359391874,-0.0002219289208502505,0.00025761296793103854,0.0029550240842844645,-4.06647759534964e-05
start-4-hold,70,3.5,hold,0.0014995280872378636,6.0600445754696185e-05,0.0025055868359391896,-0.0002219289208502505,0.00025761296793103854,0.002955024084284467,-4.06647759534964e-05
start-4-hold,71,3.55,hold,0.0014995280872378597,6.0600445754696185e-05,0.0025055868359391865,-0.0002219289208502505,0.00025761296793103854,0.002955024084284463,-4.06647759534964e-05
start-4-hold,72,3.6,hold,0.001499528087237858,6.0600445754696185e-05,0.0025055868359391852,-0.0002219289208502505,0.00025761296793103854,0.0029550240842844615,-4.06647759534964e-05
start-4-hold,73,3.65,hold,0.001499528087237867,6.0600445754696185e-05,0.0025055868359391926,-0.0002219289208502505,0.00025761296793103854,0.0029550240842844706,-4.06647759534964e-05
start-4-hold,74,3.6999999999999997,hold,0.0014995280872378597,6.0600445754696185e-05,0.002505586835939187,-0.0002219289208502505,0.00025761296793103854,0.002955024084284463,-4.06647759534964e-05
start-4-hold,75,3.75,hold,0.0014995280872378528,6.0600445754696185e-05,0.002505586835939181,-0.0002219289208502505,0.00025761296793103854,0.0029550240842844563,-4.06647759534964e-05
start-4-hold,76,3.8,hold,0.001499528087237865,6.0600445754696185e-05,0.0025055868359391904,-0.0002219289208502505,0.00025761296793103854,0.0029550240842844684,-4.06647759534964e-05
start-4-hold,77,3.85,hold,0.0014995280872378601,6.0600445754696185e-05,0.002505586835939187,-0.0002219289208502505,0.00025761296793103854,0.0029550240842844636,-4.06647759534964e-05
start-4-hold,78,3.9,hold,0.001499528087237858,6.0600445754696185e-05,0.002505586835939185,-0.0002219289208502505,0.00025761296793103854,0.0029550240842844615,-4.06647759534964e-05
start-4-hold,79,3.9499999999999997,hold,0.0014995280872378627,6.0600445754696185e-05,0.002505586835939189,-0.0002219289208502505,0.00025761296793103854,0.0029550240842844662,-4.06647759534964e-05
start-4-hold,80,4.0,hold,0.001499528087237861,6.0600445754696185e-05,0.0025055868359391874,-0.0002219289208502505,0.00025761296793103854,0.0029550240842844645,-4.06647759534964e-05
start-4-hold,81,4.05,hold,0.0014995280872378636,6.0600445754696185e-05,0.0025055868359391896,-0.0002219289208502505,0.00025761296793103854,0.002955024084284467,-4.06647759534964e-05
start-4-hold,82,4.1,hold,0.0014995280872378597,6.0600445754696185e-05,0.0025055868359391865,-0.0002219289208502505,0.00025761296793103854,0.002955024084284463,-4.06647759534964e-05
start-4-hold,83,4.15,hold,0.001499528087237858,6.0600445754696185e-05,0.0025055868359391852,-0.0002219289208502505,0.00025761296793103854,0.0029550240842844615,-4.06647759534964e-05
start-4-hold,84,4.2,hold,0.001499528087237867,6.0600445754696185e-05,0.0025055868359391926,-0.0002219289208502505,0.00025761296793103854,0.0029550240842844706,-4.06647759534964e-05
start-4-hold,85,4.25,hold,0.0014995280872378597,6.0600445754696185e-05,0.002505586835939187,-0.0002219289208502505,0.00025761296793103854,0.002955024084284463,-4.06647759534964e-05
start-4-hold,86,4.3,hold,0.0014995280872378528,6.0600445754696185e-05,0.002505586835939181,-0.0002219289208502505,0.00025761296793103854,0.0029550240842844563,-4.06647759534964e-05
start-4-hold,87,4.35,hold,0.001499528087237865,6.0600445754696185e-05,0.0025055868359391904,-0.0002219289208502505,0.00025761296793103854,0.0029550240842844684,-4.06647759534964e-05
start-4-hold,88,4.4,hold,0.0014995280872378601,6.0600445754696185e-05,0.002505586835939187,-0.0002219289208502505,0.00025761296793103854,0.0029550240842844636,-4.06647759534964e-05
start-4-hold,89,4.45,hold,0.001499528087237858,6.0600445754696185e-05,0.002505586835939185,-0.0002219289208502505,0.00025761296793103854,0.0029550240842844615,-4.06647759534964e-05
start-4-hold,90,4.5,hold,0.0014995280872378627,6.0600445754696185e-05,0.002505586835939189,-0.0002219289208502505,0.00025761296793103854,0.0029550240842844662,-4.06647759534964e-05
start-4-hold,91,4.55,hold,0.001499528087237861,6.0600445754696185e-05,0.0025055868359391874,-0.0002219289208502505,0.00025761296793103854,0.0029550240842844645,-4.06647759534964e-05
start-4-hold,92,4.6,hold,0.0014995280872378636,6.0600445754696185e-05,0.0025055868359391896,-0.0002219289208502505,0.00025761296793103854,0.002955024084284467,-4.06647759534964e-05
start-4-hold,93,4.65,hold,0.0014995280872378597,6.0600445754696185e-05,0.0025055868359391865,-0.0002219289208502505,0.00025761296793103854,0.002955024084284463,-4.06647759534964e-05
start-4-hold,94,4.7,hold,0.001499528087237858,6.0600445754696185e-05,0.0025055868359391852,-0.0002219289208502505,0.00025761296793103854,0.0029550240842844615,-4.06647759534964e-05
start-4-hold,95,4.75,hold,0.001499528087237867,6.0600445754696185e-05,0.0025055868359391926,-0.0002219289208502505,0.00025761296793103854,0.0029550240842844706,-4.06647759534964e-05
start-4-hold,96,4.8,hold,0.0014995280872378597,6.0600445754696185e-05,0.002505586835939187,-0.0002219289208502505,0.00025761296793103854,0.002955024084284463,-4.06647759534964e-05
start-4-hold,97,4.85,hold,0.0014995280872378528,6.0600445754696185e-05,0.002505586835939181,-0.0002219289208502505,0.00025761296793103854,0.0029550240842844563,-4.06647759534964e-05
start-4-hold,98,4.9,hold,0.001499528087237865,6.0600445754696185e-05,0.0025055868359391904,-0.0002219289208502505,0.00025761296793103854,0.0029550240842844684,-4.06647759534964e-05
start-4-hold,99,4.95,hold,0.0014995280872378601,6.0600445754696185e-05,0.002505586835939187,-0.0002219289208502505,0.00025761296793103854,0.0029550240842844636,-4.06647759534964e-05
start-4-hold,100,5.0,hold,0.001499528087237858,6.0600445754696185e-05,0.002505586835939185,-0.0002219289208502505,0.00025761296793103854,0.0029550240842844615,-4.06647759534964e-05
start-5-home,1,0.05,home,0.36717105401947714,-0.36717105401947714,0.03869930783343261,-0.10971326297430568,0.10357342357601236,-0.03767143839018267,0.0666490639239285
start-5-home,2,0.1,home,0.15313656830011643,-0.15313656830011643,0.008903477082809561,-0.015605807306608169,0.014879568480102502,-0.0015356736313234085,0.00935682869562702
start-5-home,3,0.15,home,0.05772953082522928,0.05772953082522928,0.002475070132435298,-0.0022197974528204594,0.0021163433924463585,0.0013380219065873436,0.001331076995971111
start-5-home,4,0.2,home,0.12859126105757832,0.12859126105757832,0.0013666792332433552,-0.0003157478901755816,0.00030094977342880983,0.0014969681279115728,0.00018940939227074234
start-5-home,5,0.25,home,0.06080788301945944,0.06080788301945944,0.0011940479519163786,-4.4912534710613914e-05,4.279613143776461e-05,0.0015002991349657986,2.6952261225009548e-05
start-5-home,6,0.3,home,0.004784052018053717,0.004784052018053717,0.001168473247511707,-6.388437854677021e-06,6.0858928032272165e-06,0.0014994606297974872,3.8350770646597656e-06
start-5-home,7,0.35,home,0.0014995699610927966,0.0006804915578698838,0.001165012925341521,-9.087026258041976e-07,8.655351058770878e-07,0.0014995699610927966,5.45617856128551e-07
start-5-home,8,0.4,home,0.0014995577423729848,9.67942569677575e-05,0.0011644991533705362,-1.292554582088269e-07,1.230963220606924e-07,0.0014995577423729848,7.762525182716953e-08
start-5-home,9,0.45,home,0.0014995532528079341,1.3768176951590551e-05,0.0011644239360767107,-1.838552349505335e-08,1.7506747469930145e-08,0.0014995532528079341,1.104377214327667e-08
start-5-home,10,0.5,home,0.0014995523965954942,1.958408510236734e-06,0.0011644130679365806,-2.615189167970528e-09,2.4898079969294525e-09,0.0014995523965954942,1.5712012720489729e-09
start-5-home,11,0.55,home,0.0014995522580555885,2.7856730101626244e-07,0.0011644115090081687,-3.7198910222515524e-10,3.541002617705703e-10,0.0014995522580555885,2.2353533097637382e-10
start-5-home,12,0.6,home,0.00149955223706865,3.9623878673407616e-08,0.0011644112862663448,-5.291238393740045e-11,5.0360106297949743e-11,0.00149955223706865,3.180244410791846e-11
start-5-home,13,0.65,home,0.0014995522339857465,5.63616675589999e-09,0.0011644112545069376,-7.52635034860293e-12,7.1622096342493674e-12,0.0014995522339857465,4.524543725812522e-12
start-5-home,14,0.7,home,0.0014995522335397807,8.016977834261998e-10,0.001164411249983588,-1.070561204595727e-12,1.0186087881039924e-12,0.0014995522335397807,6.437082131614122e-13
start-5-home,15,0.75,home,0.001499552233475786,1.1403483322002354e-10,0.0011644112493397368,-1.5227816239703672e-13,1.4486644711446577e-13,0.001499552233475786,9.158055692445019e-14
start-5-home,16,0.8,home,0.001499552233466629,1.622050535444127e-11,0.0011644112492481113,-2.166042354988706e-14,2.0602892636172442e-14,0.001499552233466629,1.302919185944374e-14
start-5-home,17,0.85,home,0.0014995522334653353,2.3072318040741253e-12,0.0011644112492350852,-3.0808412327850635e-15,2.930141474666302e-15,0.0014995522334653353,1.8536666969297997e-15
start-5-home,18,0.9,home,0.0014995522334651393,3.2818450978535605e-13,0.0011644112492332232,-4.3851043417719103e-16,4.1672444802656543e-16,0.0014995522334651393,2.6372165031766593e-16
start-5-home,19,0.95,home,0.0014995522334651202,4.6681513440789973e-14,0.0011644112492329656,-6.219108812195574e-17,5.926651224334654e-17,0.0014995522334651202,3.75197461490274e-17
start-5-home,20,1.0,home,0.0014995522334651159,6.6400565302340526e-15,0.0011644112492329274,-8.761605061870085e-18,8.428877859517402e-18,0.0014995522334651159,5.337943432433584e-18
start-5-home,21,1.05,home,0.0014995522334651193,9.444927441064714e-16,0.001164411249232925,-1.3601182310357092e-18,1.198754225302646e-18,0.0014995522334651193,7.594304597930634e-19
start-5-home,22,1.1,home,0.0014995522334651128,1.3434622727825975e-16,0.001164411249232919,-4.349323771814122e-19,1.7048671443949777e-19,0.0014995522334651128,1.080443413697539e-19
start-5-home,23,1.15,home,0.0014995522334651128,1.9109632020123618e-17,0.0011644112492329188,-6.662288406449866e-19,2.424660467247707e-20,0.0014995522334651128,1.5371491524220006e-20
start-5-home,24,1.2,home,0.0014995522334651042,2.7181860136760156e-18,0.001164411249232912,-6.662288406449866e-19,3.448349861607641e-21,0.0014995522334651042,2.1869052277274884e-21
start-5-home,25,1.25,home,0.0014995522334651133,3.8663932397224665e-19,0.0011644112492329192,-8.975253041085608e-19,4.904239966244507e-22,0.0014995522334651133,3.1113142985920175e-22
start-5-home,26,1.3,home,0.001499552233465115,5.499622399028006e-20,0.0011644112492329205,-6.662288406449866e-19,6.974805519094609e-23,0.001499552233465115,4.4264725594874404e-23
start-5-home,27,1.35,home,0.0014995522334651057,7.822754867227196e-21,0.0011644112492329136,-8.975253041085608e-19,9.919561922751036e-24,0.0014995522334651057,6.2975501849118265e-24
start-5-home,28,1.4,home,0.0014995522334651128,1.1127217339345187e-21,0.001164411249232919,-6.662288406449866e-19,1.4107591741434926e-24,0.0014995522334651128,8.959534934370577e-25
start-5-home,29,1.45,home,0.0014995522334651083,1.582754002008206e-22,0.0011644112492329153,-4.349323771814123e-19,2.0063803854737508e-25,0.0014995522334651083,1.2746744086427103e-25
start-5-home,30,1.5,home,0.0014995522334651152,2.2513357605084108e-23,0.0011644112492329207,-6.662288406449866e-19,2.853472318305399e-26,0.0014995522334651152,1.813481107464071e-26
start-5-home,31,1.55,home,0.0014995522334651078,3.2023376346391888e-24,0.0011644112492329147,-4.349323771814123e-19,4.05820567739086e-27,0.0014995522334651078,2.580041988081432e-27
start-5-home,32,1.6,home,0.001499552233465118,4.555058604340146e-25,0.0011644112492329233,-6.662288406449866e-19,5.771576340291202e-28,0.001499552233465118,3.6706289159282618e-28
start-5-home,33,1.65,home,0.0014995522334651113,6.479191533844756e-26,0.0011644112492329181,-6.662288406449866e-19,8.208330503648992e-29,0.0014995522334651113,5.222207914637028e-29
start-5-home,34,1.7,home,0.001499552233465117,9.216110391220149e-27,0.0011644112492329222,-6.662288406449866e-19,1.167388000861716e-29,0.001499552233465117,7.429640590253486e-30
start-5-home,35,1.75,home,0.0014995522334651128,1.3109149545468567e-27,0.001164411249232919,-6.662288406449866e-19,1.6602581291653957e-30,0.0014995522334651128,1.0570156593202964e-30
start-5-home,36,1.8,home,0.0014995522334651102,1.864667354514864e-28,0.0011644112492329173,-6.662288406449866e-19,2.361217567274157e-31,0.0014995522334651102,1.5038170581438834e-31
start-5-home,37,1.8499999999999999,home,0.0014995522334651048,2.6523340291838063e-29,0.0011644112492329131,-6.662288406449866e-19,3.358121428266606e-32,0.0014995522334651048,2.1394816298368537e-32
start-5-home,38,1.9,home,0.0014995522334651044,3.772724280271526e-30,0.001164411249232912,-4.349323771814123e-19,4.7759171722586795e-33,0.0014995522334651044,3.043841867850047e-33
start-5-home,39,1.95,home,0.0014995522334651091,5.366386111114383e-31,0.0011644112492329164,-6.662288406449866e-19,6.7923049608271335e-34,0.0014995522334651091,4.330475446671557e-34
start-5-home,40,2.0,home,0.0014995522334651091,7.633237352323555e-32,0.0011644112492329157,-4.349323771814123e-19,9.660009798506956e-35,0.0014995522334651091,6.160969292673003e-35
start-5-home,41,2.05,home,0.0014995522334651141,1.0857644469812237e-32,0.0011644112492329199,-6.662288406449866e-19,1.3738456951716227e-35,0.0014995522334651141,8.765213065680771e-36
start-5-home,42,2.1,home,0.0014995522334651107,1.5444095080798523e-33,0.0011644112492329175,-6.662288406449866e-19,1.953882070009173e-36,0.0014995522334651107,1.2470270676096677e-36
start-5-home,43,2.15,home,0.0014995522334651137,2.1967939137226473e-34,0.0011644112492329194,-8.975253041085608e-19,2.778809262874609e-37,0.0014995522334651137,1.774145576225622e-37
start-5-home,44,2.2,home,0.0014995522334651154,3.1247564033767983e-35,0.0011644112492329214,-6.662288406449866e-19,3.952019949393129e-38,0.0014995522334651154,2.5240769725259256e-38
start-5-home,45,2.25,home,0.00149955223346511,4.444705768866437e-36,0.0011644112492329164,-4.349323771814123e-19,5.6205590966845297e-39,0.00149955223346511,3.591004144875505e-39
start-5-home,46,2.3,home,0.001499552233465112,6.32222382270982e-37,0.0011644112492329183,-8.975253041085608e-19,7.993553920236163e-40,0.001499552233465112,5.108921006710692e-40
start-5-home,47,2.35,home,0.0014995522334651165,8.992836904538981e-38,0.0011644112492329218,-4.349323771814123e-19,1.1368424951428075e-40,0.0014995522334651165,7.268460568982254e-41
start-5-home,48,2.4,home,0.001499552233465115,1.2791561619268758e-38,0.0011644112492329203,-4.349323771814122e-19,1.6168163393389705e-41,0.001499552233465115,1.0340836212998187e-41
start-5-home,49,2.45,home,0.0014995522334651037,1.81949311892734e-39,0.0011644112492329118,-8.975253041085608e-19,2.2994346941834794e-42,0.0014995522334651037,1.471190290019565e-42
start-5-home,50,2.5,home,0.0014995522334651102,2.588077444069353e-40,0.001164411249232917,-6.662288406449866e-19,3.2702538836146202e-43,0.0014995522334651102,2.093061599630307e-43
start-5-home,51,2.55,home,0.0014995522334651022,3.6813246433484446e-41,0.00116441124923291,-2.0363591371783806e-19,4.650952031970546e-44,0.0014995522334651022,2.9777973551791433e-44
start-5-home,52,2.6,home,0.0014995522334651143,5.236377745191831e-42,0.0011644112492329196,-4.349323771814123e-19,6.614579654525735e-45,0.0014995522334651143,4.2365100351301964e-45
start-5-home,53,2.65,home,0.001499552233465105,7.448311287182393e-43,0.0011644112492329127,-6.662288406449866e-19,9.407249033167951e-46,0.001499552233465105,6.027279189196306e-46
start-5-home,54,2.7,home,0.0014995522334651042,1.059460255455326e-43,0.001164411249232912,-4.349323771814123e-19,1.3378980826316043e-46,0.0014995522334651042,8.575004330476216e-47
start-5-home,55,2.75,home,0.0014995522334651091,1.506993987916644e-44,0.001164411249232916,-6.662288406449866e-19,1.902757408885702e-47,0.0014995522334651091,1.2199649600953738e-47
start-5-home,56,2.8,home,0.0014995522334651133,2.143573454624222e-45,0.0011644112492329192,-6.662288406449866e-19,2.7060998173702793e-48,0.0014995522334651133,1.7356427391525483e-48
start-5-home,57,2.85,home,0.001499552233465114,3.0490547358716927e-46,0.0011644112492329199,-2.0363591371783796e-19,3.848612643615989e-49,0.001499552233465114,2.469296748096995e-49
start-5-home,58,2.9,home,0.0014995522334651024,4.3370264560476805e-47,0.0011644112492329103,-4.349323771814123e-19,5.473493322576126e-50,0.0014995522334651024,3.5130651426004725e-50
start-5-home,59,2.95,home,0.001499552233465113,6.169058974531567e-48,0.001164411249232919,-6.662288406449866e-19,7.784397113069008e-51,0.001499552233465113,4.99803267852347e-51
start-5-home,60,3.0,home,0.0014995522334651178,8.774972673186952e-49,0.0011644112492329233,-6.662288406449866e-19,1.1070962334788816e-51,0.0014995522334651178,7.110693343149705e-52
start-5-home,61,3.05,home,0.0014995522334651146,1.248166790754687e-49,0.0011644112492329205,-6.662288406449866e-19,1.5745112336643346e-52,0.0014995522334651146,1.0116371694349494e-52
start-5-home,62,3.1,home,0.0014995522334651154,1.77541332116603e-50,0.0011644112492329214,-6.662288406449866e-19,2.239268412236364e-53,0.0014995522334651154,1.4392544331651312e-53
start-5-home,63,3.15,home,0.0014995522334651033,2.5253776054675072e-51,0.0011644112492329116,-4.349323771814123e-19,3.184685453383447e-54,0.0014995522334651033,2.0476246252906586e-54
start-5-home,64,3.2,home,0.0014995522334651102,3.592139348479998e-52,0.0011644112492329173,-6.662288406449866e-19,4.52925669007359e-55,0.0014995522334651102,2.91315157306943e-55
start-5-home,65,3.25,home,0.0014995522334651087,5.109519096127958e-53,0.0011644112492329153,-2.0363591371783806e-19,6.441504652455514e-56,0.0014995522334651087,4.144534792192341e-56
start-5-home,66,3.3,home,0.0014995522334651133,7.267865431532874e-54,0.0011644112492329196,-6.662288406449866e-19,9.161101926181791e-57,0.0014995522334651133,5.896420775147627e-57
start-5-home,67,3.35,home,0.00149955223346511,1.0337933363571321e-54,0.0011644112492329168,-4.349323771814123e-19,1.302891063967477e-57,0.00149955223346511,8.388824632778232e-58
start-5-home,68,3.4,home,0.0014995522334651167,1.4704849346227024e-55,0.0011644112492329227,-6.662288406449866e-19,1.8529704594978144e-58,0.0014995522334651167,1.193476119582355e-58
start-5-home,69,3.4499999999999997,home,0.0014995522334651052,2.0916423690330205e-56,0.001164411249232913,-6.662288406449866e-19,2.635292864252253e-59,0.0014995522334651052,1.6979555683782292e-59
start-5-home,70,3.5,home,0.0014995522334651102,2.975187094625762e-57,0.0011644112492329164,-6.662288406449866e-19,3.747911060741301e-60,0.0014995522334651102,2.415677084839526e-60
start-5-home,71,3.55,home,0.0014995522334651022,4.231955892595072e-58,0.0011644112492329103,-8.975253041085608e-19,5.330275625063389e-61,0.0014995522334651022,3.436777430878636e-61
start-5-home,72,3.6,home,0.0014995522334651048,6.019604854715064e-59,0.0011644112492329125,-6.662288406449866e-19,7.580713036857661e-62,0.0014995522334651048,4.8894938689969115e-62
start-5-home,73,3.65,home,0.0014995522334651193,8.562386643395719e-60,0.0011644112492329238,-6.662288406449866e-19,1.0781283031025353e-62,0.0014995522334651193,6.956269100897128e-63
start-5-home,74,3.6999999999999997,home,0.001499552233465111,1.2179281997260024e-60,0.0011644112492329175,-6.662288406449866e-19,1.5333130700229608e-63,0.001499552233465111,9.896663697930134e-64
start-5-home,75,3.75,home,0.0014995522334651152,1.7324014455320726e-61,0.0011644112492329207,-6.662288406449866e-19,2.1806764222195294e-64,0.0014995522334651152,1.4079953520164867e-64
start-5-home,76,3.8,home,0.0014995522334651154,2.4641967970106057e-62,0.001164411249232921,-6.662288406449866e-19,3.101355979671518e-65,0.0014995522334651154,2.0031505925146862e-65
start-5-home,77,3.85,home,0.001499552233465117,3.505114747282372e-63,0.0011644112492329222,-6.662288406449866e-19,4.4107455900561965e-66,0.001499552233465117,2.849875899733633e-66
start-5-home,78,3.9,home,0.0014995522334651206,4.9857338535762247e-64,0.0011644112492329244,-6.662288406449866e-19,6.272958276224926e-67,0.0014995522334651206,4.0545089902958406e-67
start-5-home,79,3.9499999999999997,home,0.0014995522334651098,7.091791240278647e-65,0.0011644112492329166,-6.662288406449866e-19,8.921395426653305e-68,0.0014995522334651098,5.768336096983155e-68
start-5-home,80,4.0,home,0.0014995522334651115,1.0087482500529937e-65,0.001164411249232918,-4.349323771814123e-19,1.268800027897033e-68,0.0014995522334651115,8.206591507239893e-69
start-5-home,81,4.05,home,0.0014995522334651094,1.4348603866083065e-66,0.0011644112492329164,-8.975253041085608e-19,1.8044862197027804e-69,0.0014995522334651094,1.1675488116164063e-69
start-5-home,82,4.1,home,0.001499552233465113,2.0409694184213607e-67,0.0011644112492329194,-8.975253041085608e-19,2.5663386235056476e-70,0.001499552233465113,1.661067366296548e-70
start-5-home,83,4.15,home,0.0014995522334651115,2.9031090454416525e-68,0.0011644112492329181,-8.975253041085608e-19,3.649844403678325e-71,0.0014995522334651115,2.3631942228076715e-71
start-5-home,84,4.2,home,0.0014995522334651178,4.129430874572924e-69,0.0011644112492329229,-6.662288406449866e-19,5.190805316589411e-72,0.0014995522334651178,3.362107200378221e-72
start-5-home,85,4.25,home,0.0014995522334651163,5.873771560939008e-70,0.001164411249232922,-6.662288406449866e-19,7.382358493852033e-73,0.0014995522334651163,4.783256468985703e-73
start-5-home,86,4.3,home,0.0014995522334651163,8.354950936619622e-71,0.0011644112492329214,-4.349323771814123e-19,1.0499183384430694e-73,0.0014995522334651163,6.805119385106667e-74
start-5-home,87,4.35,home,0.001499552233465116,1.1884221991854198e-71,0.0011644112492329214,-8.975253041085608e-19,1.4931928845192838e-74,0.001499552233465116,9.681614812404096e-75
start-5-home,88,4.4,home,0.0014995522334651141,1.6904316187593936e-72,0.0011644112492329207,-6.662288406449866e-19,2.1236175317076057e-75,0.0014995522334651141,1.3773991853906961e-75
start-5-home,89,4.45,home,0.0014995522334651156,2.404498216137933e-73,0.0011644112492329218,-8.975253041085608e-19,3.020206878649712e-76,0.0014995522334651156,1.9596197774836437e-76
start-5-home,90,4.5,home,0.0014995522334651141,3.4201984911857447e-74,0.00116441124923292,-6.662288406449866e-19,4.2953354140508906e-77,0.0014995522334651141,2.7879422691005475e-77
start-5-home,91,4.55,home,0.0014995522334651065,4.864947556066859e-75,0.0011644112492329147,-8.975253041085608e-19,6.108822031240595e-78,0.0014995522334651065,3.966392692742081e-78
start-5-home,92,4.6,home,0.0014995522334651206,6.919982798196048e-76,0.0011644112492329246,-8.975253041085608e-19,8.687961011681852e-79,0.0014995522334651206,5.642968326671963e-79
start-5-home,93,4.65,home,0.0014995522334651109,9.843099309866706e-77,0.0011644112492329175,-8.975253041085608e-19,1.2356010071089583e-79,0.0014995522334651109,8.028224090280553e-80
start-5-home,94,4.7,home,0.001499552233465108,1.4000989143775812e-77,0.0011644112492329157,-6.662288406449866e-19,1.7572706032127435e-80,0.001499552233465108,1.1421715296974598e-80
start-5-home,95,4.75,home,0.0014995522334651135,1.991524121120582e-78,0.0011644112492329199,-8.975253041085608e-19,2.4991886176435874e-81,0.0014995522334651135,1.6249617597125227e-81
start-5-home,96,4.8,home,0.0014995522334651033,2.8327772306907074e-79,0.001164411249232911,-6.662288406449866e-19,3.55434372779023e-82,0.0014995522334651033,2.311824863738874e-82
start-5-home,97,4.85,home,0.001499552233465121,4.029389729374532e-80,0.0011644112492329257,-8.975253041085608e-19,5.0549843441562434e-83,0.001499552233465121,3.2890212988073338e-83
start-5-home,98,4.9,home,0.0014995522334651133,5.731471369069584e-81,0.001164411249232919,-6.662288406449866e-19,7.189194033169826e-84,0.0014995522334651133,4.6792733044043145e-84
start-5-home,99,4.95,home,0.0014995522334651182,8.152540772602635e-82,0.0011644112492329235,-4.349323771814123e-19,1.0224465068089504e-84,0.0014995522334651182,6.657177069381631e-85
start-5-home,100,5.0,home,0.0014995522334651193,1.1596310401833418e-82,0.0011644112492329244,-6.662288406449866e-19,1.454122471117807e-85,0.0014995522334651193,9.471129520239191e-86
start-5-hold,1,0.05,home,0.36717105401947714,-0.36717105401947714,0.03869930783343261,-0.10971326297430568,0.10357342357601236,-0.03767143839018267,0.0666490639239285
start-5-hold,2,0.1,home,0.15313656830011643,-0.15313656830011643,0.008903477082809561,-0.015605807306608169,0.014879568480102502,-0.0015356736313234085,0.00935682869562702
start-5-hold,3,0.15,home,0.05772953082522928,0.05772953082522928,0.002475070132435298,-0.0022197974528204594,0.0021163433924463585,0.0013380219065873436,0.001331076995971111
start-5-hold,4,0.2,home,0.12859126105757832,0.12859126105757832,0.0013666792332433552,-0.0003157478901755816,0.00030094977342880983,0.0014969681279115728,0.00018940939227074234
start-5-hold,5,0.25,hold,0.0013247354219851513,0.1285912019854717,0.002395349390388808,-0.00031574789017558115,0.0003009179139032639,0.002821703549896724,0.0001894356980636508
start-5-hold,6,0.3,hold,0.0014860538226011831,0.12859119480294445,0.002520617195746656,-0.00031574789017558094,0.00030090809035938064,0.002983021950512756,0.00018944380981606197
start-5-hold,7,0.35,hold,0.001498496629702709,0.12859119425106455,0.002530279745233948,-0.00031574789017558094,0.00030090644590482986,0.002995464757614282,0.00018944516782969616
start-5-hold,8,0.4,hold,0.001499446981522525,0.12859119420927517,0.0025310178042117566,-0.00031574789017558137,0.0003009061941206439,0.0029964151094340977,0.00018944537576456042
start-5-hold,9,0.45,hold,0.0014995195441769279,0.12859119420614434,0.0025310741656217055,-0.0003157478901755818,0.00030090615695166817,0.0029964876720885007,0.00018944540646096336
start-5-hold,10,0.5,hold,0.0014995250840197693,0.12859119420591505,0.0025310784697151556,-0.0003157478901755816,0.0003009061515620783,0.002996493211931342,0.0001894454109120565
start-5-hold,11,0.55,hold,0.00149952550688755,0.1285911942058991,0.002531078798418516,-0.0003157478901755816,0.0003009061507877347,0.002996493634799123,0.00018944541155156572
start-5-hold,12,0.6,hold,0.0014995255391552715,0.12859119420589812,0.002531078823524025,-0.0003157478901755818,0.0003009061506770178,0.0029964936670668443,0.000189445411643004
start-5-hold,13,0.65,hold,0.0014995255416160062,0.12859119420589812,0.002531078825441869,-0.00031574789017558115,0.00030090615066122783,0.002996493669527579,0.00018944541165604454
start-5-hold,14,0.7,hold,0.0014995255418034556,0.12859119420589812,0.0025310788255884327,-0.00031574789017558094,0.00030090615065897903,0.0029964936697150285,0.00018944541165790178
start-5-hold,15,0.75,hold,0.0014995255418176934,0.12859119420589812,0.002531078825599633,-0.00031574789017558094,0.00030090615065865903,0.002996493669729266,0.0001894454116581661
start-5-hold,16,0.8,hold,0.0014995255418187663,0.12859119420589812,0.002531078825600487,-0.0003157478901755807,0.00030090615065861344,0.002996493669730339,0.00018944541165820373
start-5-hold,17,0.85,hold,0.0014995255418188435,0.12859119420589812,0.0025310788256005493,-0.00031574789017558094,0.00030090615065860694,0.0029964936697304163,0.00018944541165820904
start-5-hold,18,0.9,hold,0.0014995255418188509,0.12859119420589812,0.0025310788256005553,-0.00031574789017558094,0.00030090615065860607,0.0029964936697304237,0.00018944541165820983
start-5-hold,19,0.95,hold,0.0014995255418188448,0.12859119420589812,0.0025310788256005506,-0.00031574789017558094,0.00030090615065860607,0.0029964936697304176,0.00018944541165820985
start-5-hold,20,1.0,hold,0.0014995255418188353,0.12859119420589812,0.0025310788256005436,-0.0003157478901755808,0.00030090615065860607,0.002996493669730408,0.00018944541165820985
start-5-hold,21,1.05,hold,0.001499525541818837,0.12859119420589812,0.0025310788256005445,-0.00031574789017558105,0.00030090615065860607,0.00299649366973041,0.00018944541165820985
start-5-hold,22,1.1,hold,0.0014995255418188422,0.12859119420589812,0.002531078825600549,-0.00031574789017558083,0.00030090615065860607,0.002996493669730415,0.00018944541165820985
start-5-hold,23,1.15,hold,0.0014995255418188392,0.12859119420589812,0.0025310788256005462,-0.0003157478901755806,0.00030090615065860607,0.002996493669730412,0.00018944541165820985
start-5-hold,24,1.2,hold,0.0014995255418188383,0.12859119420589812,0.0025310788256005454,-0.00031574789017558083,0.00030090615065860607,0.002996493669730411,0.00018944541165820985
start-5-hold,25,1.25,hold,0.0014995255418188405,0.12859119420589812,0.0025310788256005475,-0.0003157478901755809,0.00030090615065860607,0.0029964936697304133,0.00018944541165820985
start-5-hold,26,1.3,hold,0.001499525541818843,0.12859119420589812,0.0025310788256005493,-0.0003157478901755809,0.00030090615065860607,0.002996493669730416,0.00018944541165820985
start-5-hold,27,1.35,hold,0.0014995255418188366,0.12859119420589812,0.002531078825600544,-0.0003157478901755812,0.00030090615065860607,0.0029964936697304094,0.00018944541165820985
start-5-hold,28,1.4,hold,0.0014995255418188357,0.12859119420589812,0.0025310788256005445,-0.000315747890175581,0.00030090615065860607,0.0029964936697304085,0.00018944541165820985
start-5-hold,29,1.45,hold,0.0014995255418188357,0.12859119420589812,0.002531078825600544,-0.00031574789017558083,0.00030090615065860607,0.0029964936697304085,0.00018944541165820985
start-5-hold,30,1.5,hold,0.0014995255418188361,0.12859119420589812,0.002531078825600543,-0.00031574789017558083,0.00030090615065860607,0.002996493669730409,0.00018944541165820985
start-5-hold,31,1.55,hold,0.0014995255418188361,0.12859119420589812,0.002531078825600543,-0.00031574789017558083,0.00030090615065860607,0.002996493669730409,0.00018944541165820985
start-5-hold,32,1.6,hold,0.0014995255418188361,0.12859119420589812,0.002531078825600543,-0.00031574789017558083,0.00030090615065860607,0.002996493669730409,0.00018944541165820985
start-5-hold,33,1.65,hold,0.0014995255418188361,0.12859119420589812,0.002531078825600543,-0.00031574789017558083,0.00030090615065860607,0.002996493669730409,0.00018944541165820985
start-5-hold,34,1.7,hold,0.0014995255418188361,0.12859119420589812,0.002531078825600543,-0.00031574789017558083,0.00030090615065860607,0.002996493669730409,0.00018944541165820985
start-5-hold,35,1.75,hold,0.0014995255418188361,0.12859119420589812,0.002531078825600543,-0.00031574789017558083,0.00030090615065860607,0.002996493669730409,0.00018944541165820985
start-5-hold,36,1.8,hold,0.0014995255418188361,0.12859119420589812,0.002531078825600543,-0.00031574789017558083,0.00030090615065860607,0.002996493669730409,0.00018944541165820985
start-5-hold,37,1.8499999999999999,hold,0.0014995255418188361,0.12859119420589812,0.002531078825600543,-0.00031574789017558083,0.00030090615065860607,0.002996493669730409,0.00018944541165820985
start-5-hold,38,1.9,hold,0.0014995255418188361,0.12859119420589812,0.002531078825600543,-0.00031574789017558083,0.00030090615065860607,0.002996493669730409,0.00018944541165820985
start-5-hold,39,1.95,hold,0.0014995255418188361,0.12859119420589812,0.002531078825600543,-0.00031574789017558083,0.00030090615065860607,0.002996493669730409,0.00018944541165820985
start-5-hold,40,2.0,hold,0.0014995255418188361,0.12859119420589812,0.002531078825600543,-0.00031574789017558083,0.00030090615065860607,0.002996493669730409,0.00018944541165820985
start-5-hold,41,2.05,hold,0.0014995255418188361,0.12859119420589812,0.002531078825600543,-0.00031574789017558083,0.00030090615065860607,0.002996493669730409,0.00018944541165820985
start-5-hold,42,2.1,hold,0.0014995255418188361,0.12859119420589812,0.002531078825600543,-0.00031574789017558083,0.00030090615065860607,0.002996493669730409,0.00018944541165820985
start-5-hold,43,2.15,hold,0.0014995255418188361,0.12859119420589812,0.002531078825600543,-0.00031574789017558083,0.00030090615065860607,0.002996493669730409,0.00018944541165820985
start-5-hold,44,2.2,hold,0.0014995255418188361,0.12859119420589812,0.002531078825600543,-0.00031574789017558083,0.00030090615065860607,0.002996493669730409,0.00018944541165820985
start-5-hold,45,2.25,hold,0.0014995255418188361,0.12859119420589812,0.002531078825600543,-0.00031574789017558083,0.00030090615065860607,0.002996493669730409,0.00018944541165820985
start-5-hold,46,2.3,hold,0.0014995255418188361,0.12859119420589812,0.002531078825600543,-0.00031574789017558083,0.00030090615065860607,0.002996493669730409,0.00018944541165820985
start-5-hold,47,2.35,hold,0.0014995255418188361,0.12859119420589812,0.002531078825600543,-0.00031574789017558083,0.00030090615065860607,0.002996493669730409,0.00018944541165820985
start-5-hold,48,2.4,hold,0.0014995255418188361,0.12859119420589812,0.002531078825600543,-0.00031574789017558083,0.00030090615065860607,0.002996493669730409,0.00018944541165820985
start-5-hold,49,2.45,hold,0.0014995255418188361,0.12859119420589812,0.002531078825600543,-0.00031574789017558083,0.00030090615065860607,0.002996493669730409,0.00018944541165820985
start-5-hold,50,2.5,hold,0.0014995255418188361,0.12859119420589812,0.002531078825600543,-0.00031574789017558083,0.00030090615065860607,0.002996493669730409,0.00018944541165820985
start-5-hold,51,2.55,hold,0.0014995255418188361,0.12859119420589812,0.002531078825600543,-0.00031574789017558083,0.00030090615065860607,0.002996493669730409,0.00018944541165820985
start-5-hold,52,2.6,hold,0.0014995255418188361,0.12859119420589812,0.002531078825600543,-0.00031574789017558083,0.00030090615065860607,0.002996493669730409,0.00018944541165820985
start-5-hold,53,2.65,hold,0.0014995255418188361,0.12859119420589812,0.002531078825600543,-0.00031574789017558083,0.00030090615065860607,0.002996493669730409,0.00018944541165820985
start-5-hold,54,2.7,hold,0.0014995255418188361,0.12859119420589812,0.002531078825600543,-0.00031574789017558083,0.00030090615065860607,0.002996493669730409,0.00018944541165820985
start-5-hold,55,2.75,hold,0.0014995255418188361,0.12859119420589812,0.002531078825600543,-0.00031574789017558083,0.00030090615065860607,0.002996493669730409,0.00018944541165820985
start-5-hold,56,2.8,hold,0.0014995255418188361,0.12859119420589812,0.002531078825600543,-0.00031574789017558083,0.00030090615065860607,0.002996493669730409,0.00018944541165820985
start-5-hold,57,2.85,hold,0.0014995255418188361,0.12859119420589812,0.002531078825600543,-0.00031574789017558083,0.00030090615065860607,0.002996493669730409,0.00018944541165820985
start-5-hold,58,2.9,hold,0.0014995255418188361,0.12859119420589812,0.002531078825600543,-0.00031574789017558083,0.00030090615065860607,0.002996493669730409,0.00018944541165820985
start-5-hold,59,2.95,hold,0.0014995255418188361,0.12859119420589812,0.002531078825600543,-0.00031574789017558083,0.00030090615065860607,0.002996493669730409,0.00018944541165820985
start-5-hold,60,3.0,hold,0.0014995255418188361,0.12859119420589812,0.002531078825600543,-0.00031574789017558083,0.00030090615065860607,0.002996493669730409,0.00018944541165820985
start-5-hold,61,3.05,hold,0.0014995255418188361,0.12859119420589812,0.002531078825600543,-0.00031574789017558083,0.00030090615065860607,0.002996493669730409,0.00018944541165820985
start-5-hold,62,3.1,hold,0.0014995255418188361,0.12859119420589812,0.002531078825600543,-0.00031574789017558083,0.00030090615065860607,0.002996493669730409,0.00018944541165820985
start-5-hold,63,3.15,hold,0.0014995255418188361,0.12859119420589812,0.002531078825600543,-0.00031574789017558083,0.00030090615065860607,0.002996493669730409,0.00018944541165820985
start-5-hold,64,3.2,hold,0.0014995255418188361,0.12859119420589812,0.002531078825600543,-0.00031574789017558083,0.00030090615065860607,0.002996493669730409,0.00018944541165820985
start-5-hold,65,3.25,hold,0.0014995255418188361,0.12859119420589812,0.002531078825600543,-0.00031574789017558083,0.00030090615065860607,0.002996493669730409,0.00018944541165820985
start-5-hold,66,3.3,hold,0.0014995255418188361,0.12859119420589812,0.002531078825600543,-0.00031574789017558083,0.00030090615065860607,0.002996493669730409,0.00018944541165820985
start-5-hold,67,3.35,hold,0.0014995255418188361,0.12859119420589812,0.002531078825600543,-0.00031574789017558083,0.00030090615065860607,0.002996493669730409,0.00018944541165820985
start-5-hold,68,3.4,hold,0.0014995255418188361,0.12859119420589812,0.002531078825600543,-0.00031574789017558083,0.00030090615065860607,0.002996493669730409,0.00018944541165820985
start-5-hold,69,3.4499999999999997,hold,0.0014995255418188361,0.12859119420589812,0.002531078825600543,-0.00031574789017558083,0.00030090615065860607,0.002996493669730409,0.00018944541165820985
start-5-hold,70,3.5,hold,0.0014995255418188361,0.12859119420589812,0.002531078825600543,-0.00031574789017558083,0.00030090615065860607,0.002996493669730409,0.00018944541165820985
start-5-hold,71,3.55,hold,0.0014995255418188361,0.12859119420589812,0.002531078825600543,-0.00031574789017558083,0.00030090615065860607,0.002996493669730409,0.00018944541165820985
start-5-hold,72,3.6,hold,0.0014995255418188361,0.12859119420589812,0.002531078825600543,-0.00031574789017558083,0.00030090615065860607,0.002996493669730409,0.00018944541165820985
start-5-hold,73,3.65,hold,0.0014995255418188361,0.12859119420589812,0.002531078825600543,-0.00031574789017558083,0.00030090615065860607,0.002996493669730409,0.00018944541165820985
start-5-hold,74,3.6999999999999997,hold,0.0014995255418188361,0.12859119420589812,0.002531078825600543,-0.00031574789017558083,0.00030090615065860607,0.002996493669730409,0.00018944541165820985
start-5-hold,75,3.75,hold,0.0014995255418188361,0.12859119420589812,0.002531078825600543,-0.00031574789017558083,0.00030090615065860607,0.002996493669730409,0.00018944541165820985
start-5-hold,76,3.8,hold,0.0014995255418188361,0.12859119420589812,0.002531078825600543,-0.00031574789017558083,0.00030090615065860607,0.002996493669730409,0.00018944541165820985
start-5-hold,77,3.85,hold,0.0014995255418188361,0.12859119420589812,0.002531078825600543,-0.00031574789017558083,0.00030090615065860607,0.002996493669730409,0.00018944541165820985
start-5-hold,78,3.9,hold,0.0014995255418188361,0.12859119420589812,0.002531078825600543,-0.00031574789017558083,0.00030090615065860607,0.002996493669730409,0.00018944541165820985
start-5-hold,79,3.9499999999999997,hold,0.0014995255418188361,0.12859119420589812,0.002531078825600543,-0.00031574789017558083,0.00030090615065860607,0.002996493669730409,0.00018944541165820985
start-5-hold,80,4.0,hold,0.0014995255418188361,0.12859119420589812,0.002531078825600543,-0.00031574789017558083,0.00030090615065860607,0.002996493669730409,0.00018944541165820985
start-5-hold,81,4.05,hold,0.0014995255418188361,0.12859119420589812,0.002531078825600543,-0.00031574789017558083,0.00030090615065860607,0.002996493669730409,0.00018944541165820985
start-5-hold,82,4.1,hold,0.0014995255418188361,0.12859119420589812,0.002531078825600543,-0.00031574789017558083,0.00030090615065860607,0.002996493669730409,0.00018944541165820985
start-5-hold,83,4.15,hold,0.0014995255418188361,0.12859119420589812,0.002531078825600543,-0.00031574789017558083,0.00030090615065860607,0.002996493669730409,0.00018944541165820985
start-5-hold,84,4.2,hold,0.0014995255418188361,0.12859119420589812,0.002531078825600543,-0.00031574789017558083,0.00030090615065860607,0.002996493669730409,0.00018944541165820985
start-5-hold,85,4.25,hold,0.0014995255418188361,0.12859119420589812,0.002531078825600543,-0.00031574789017558083,0.00030090615065860607,0.002996493669730409,0.00018944541165820985
start-5-hold,86,4.3,hold,0.0014995255418188361,0.12859119420589812,0.002531078825600543,-0.00031574789017558083,0.00030090615065860607,0.002996493669730409,0.00018944541165820985
start-5-hold,87,4.35,hold,0.0014995255418188361,0.12859119420589812,0.002531078825600543,-0.00031574789017558083,0.00030090615065860607,0.002996493669730409,0.00018944541165820985
start-5-hold,88,4.4,hold,0.0014995255418188361,0.12859119420589812,0.002531078825600543,-0.00031574789017558083,0.00030090615065860607,0.002996493669730409,0.00018944541165820985
start-5-hold,89,4.45,hold,0.0014995255418188361,0.12859119420589812,0.002531078825600543,-0.00031574789017558083,0.00030090615065860607,0.002996493669730409,0.00018944541165820985
start-5-hold,90,4.5,hold,0.0014995255418188361,0.12859119420589812,0.002531078825600543,-0.00031574789017558083,0.00030090615065860607,0.002996493669730409,0.00018944541165820985
start-5-hold,91,4.55,hold,0.0014995255418188361,0.12859119420589812,0.002531078825600543,-0.00031574789017558083,0.00030090615065860607,0.002996493669730409,0.00018944541165820985
start-5-hold,92,4.6,hold,0.0014995255418188361,0.12859119420589812,0.002531078825600543,-0.00031574789017558083,0.00030090615065860607,0.002996493669730409,0.00018944541165820985
start-5-hold,93,4.65,hold,0.0014995255418188361,0.12859119420589812,0.002531078825600543,-0.00031574789017558083,0.00030090615065860607,0.002996493669730409,0.00018944541165820985
start-5-hold,94,4.7,hold,0.0014995255418188361,0.12859119420589812,0.002531078825600543,-0.00031574789017558083,0.00030090615065860607,0.002996493669730409,0.00018944541165820985
start-5-hold,95,4.75,hold,0.0014995255418188361,0.12859119420589812,0.002531078825600543,-0.00031574789017558083,0.00030090615065860607,0.002996493669730409,0.00018944541165820985
start-5-hold,96,4.8,hold,0.0014995255418188361,0.12859119420589812,0.002531078825600543,-0.00031574789017558083,0.00030090615065860607,0.002996493669730409,0.00018944541165820985
start-5-hold,97,4.85,hold,0.0014995255418188361,0.12859119420589812,0.002531078825600543,-0.00031574789017558083,0.00030090615065860607,0.002996493669730409,0.00018944541165820985
start-5-hold,98,4.9,hold,0.0014995255418188361,0.12859119420589812,0.002531078825600543,-0.00031574789017558083,0.00030090615065860607,0.002996493669730409,0.00018944541165820985
start-5-hold,99,4.95,hold,0.0014995255418188361,0.12859119420589812,0.002531078825600543,-0.00031574789017558083,0.00030090615065860607,0.002996493669730409,0.00018944541165820985
start-5-hold,100,5.0,hold,0.0014995255418188361,0.12859119420589812,0.002531078825600543,-0.00031574789017558083,0.00030090615065860607,0.002996493669730409,0.00018944541165820985
start-6-home,1,0.05,home,0.14437738565456054,0.007949759756674356,0.14437738565456054,0.12813385066464145,0.08450594878348248,-0.023003064568863137,-0.020123402273739724
start-6-home,2,0.1,home,0.018222306473321636,0.0011323911223991528,0.013588035833376075,0.018222306473321636,0.01201753449606307,-0.003589276800257732,-0.0028598687375821674
start-6-home,3,0.15,home,0.002591650871233735,0.0001617408183991566,0.0007218927463957692,0.002591650871233735,0.0017089091950033854,-0.0008235868959594029,-0.00040637597482958527
start-6-home,4,0.2,home,0.0011090067928042641,2.2900060200507547e-05,0.001054797620796637,0.0003686409738077774,0.00024306983171566506,0.0011090067928042641,-5.779690310153597e-05
start-6-home,5,0.25,home,0.0014397100228096692,3.241153591030269e-06,0.0011454874297447677,5.2436139866807695e-05,3.457006194288833e-05,0.0014397100228096692,-8.217326434467618e-06
start-6-home,6,0.3,home,0.0014907132864868246,4.5871408723984475e-07,0.0011614655513275164,7.458608672092883e-06,4.916565714137831e-06,0.0014907132864868246,-1.1682357624720716e-06
start-6-home,7,0.35,home,0.0014982700146418829,6.491918714060168e-08,0.0011639728567110282,1.060925603309518e-06,6.992338232094351e-07,0.0014982700146418829,-1.660834956081658e-07
start-6-home,8,0.4,home,0.0014993679441634158,9.187411934302044e-09,0.0011643474105132287,1.509079220056122e-07,9.944497554289254e-08,0.0014993679441634158,-2.3611403442797536e-08
start-6-home,9,0.45,home,0.001499525874572947,1.3001766716938302e-09,0.0011644020555731213,2.1465407991653058e-08,1.4143055300318565e-08,0.001499525874572947,-3.3567342280027107e-09
start-6-home,10,0.5,home,0.0014995484730596783,1.8399266407734616e-10,0.0011644099328667772,3.0532773504560644e-09,2.011424012095768e-09,0.0014995484730596783,-4.772127209676543e-10
start-6-home,11,0.55,home,0.0014995516977362121,2.6036793098622113e-11,0.0011644110613299047,4.3430353532515143e-10,2.8606453599186584e-10,0.0014995516977362121,-6.784330196022007e-11
start-6-home,12,0.6,home,0.001499552157198237,3.68436975369743e-12,0.0011644112224547132,6.177609772381454e-11,4.0684071706080227e-11,0.001499552157198237,-9.64499159082948e-12
start-6-home,13,0.65,home,0.0014995522226119672,5.213477951562395e-13,0.0011644112454200657,8.787141214152219e-12,5.786084894478715e-12,0.0014995522226119672,-1.3711868544923989e-12
start-6-home,14,0.7,home,0.0014995522319209953,7.377010013824292e-14,0.0011644112486902825,1.2498981622383855e-12,8.228964555925999e-13,0.0014995522319209953,-1.949356812307404e-13
start-6-home,15,0.75,home,0.0014995522332454543,1.0438103154018136e-14,0.0011644112491557147,1.777879375662933e-13,1.170322573857716e-13,0.0014995522332454543,-2.7713153703640634e-14
start-6-home,16,0.8,home,0.001499552233433867,1.4768998771525547e-15,0.0011644112492219356,2.5288859386099124e-14,1.6644316761511866e-14,0.001499552233433867,-3.939857117654556e-15
start-6-home,17,0.85,home,0.0014995522334606598,2.0896264638910126e-16,0.0011644112492313497,3.596951856631277e-15,2.3671531819160067e-15,0.0014995522334606598,-5.60112035500568e-16
start-6-home,18,0.9,home,0.0014995522334644799,2.9564754390952444e-17,0.0011644112492326959,5.114570340271956e-16,3.3665630538901665e-16,0.0014995522334644799,-7.962863085783181e-17
start-6-home,19,0.95,home,0.001499552233465034,4.1828065032608125e-18,0.0011644112492328964,7.268764283679529e-17,4.787922844369789e-17,0.001499552233465034,-1.1320445108283439e-17
start-6-home,20,1.0,home,0.0014995522334651057,5.917646632296471e-19,0.0011644112492329194,1.0700190628557379e-17,6.809379416538319e-18,0.0014995522334651057,-1.609376549266451e-18
start-6-home,21,1.05,home,0.0014995522334651165,8.371781882378939e-20,0.001164411249232923,1.4483320900144088e-18,9.684293073540308e-19,0.0014995522334651165,-2.287977478428094e-19
start-6-home,22,1.1,home,0.0014995522334651126,1.1843342024341364e-20,0.001164411249232919,5.231462361601119e-19,1.3772992602885163e-19,0.0014995522334651126,-3.2527129017847106e-20
start-6-home,23,1.15,home,0.0014995522334651076,1.6753980005733435e-21,0.0011644112492329149,-4.020396176941852e-19,1.9587937271066297e-20,0.0014995522334651076,-4.624232163187601e-21
start-6-home,24,1.2,home,0.0014995522334651074,2.370003193445823e-22,0.0011644112492329149,-6.333360811577594e-19,2.785794617030823e-21,0.0014995522334651074,-6.5740565923471625e-22
start-6-home,25,1.25,home,0.0014995522334651204,3.3524857980761286e-23,0.0011644112492329253,-4.0203961769418517e-19,3.961954513577756e-22,0.0014995522334651204,-9.346029707196566e-23
start-6-home,26,1.3,home,0.001499552233465117,4.7421129861925794e-24,0.0011644112492329225,-8.646325446213337e-19,5.634688024628874e-23,0.001499552233465117,-1.3286811885130636e-23
start-6-home,27,1.35,home,0.0014995522334651044,6.707545670383504e-25,0.001164411249232912,-6.333360811577594e-19,8.013648068418927e-24,0.0014995522334651044,-1.8889233090594816e-24
start-6-home,28,1.4,home,0.0014995522334651193,9.487286658662402e-26,0.0011644112492329244,-6.333360811577594e-19,1.1397002830286087e-24,0.0014995522334651193,-2.6853925236421003e-25
start-6-home,29,1.45,home,0.0014995522334651185,1.3418590568240378e-26,0.0011644112492329238,-6.333360811577594e-19,1.6208806826124622e-25,0.0014995522334651185,-3.817694174966521e-26
start-6-home,30,1.5,home,0.0014995522334651085,1.8978335629217123e-27,0.0011644112492329155,-4.020396176941851e-19,2.3052149994072544e-26,0.0014995522334651085,-5.427432178663581e-27
start-6-home,31,1.55,home,0.001499552233465114,2.684080467097585e-28,0.0011644112492329194,-8.646325446213337e-19,3.27847462832816e-27,0.001499552233465114,-7.71591767119859e-28
start-6-home,32,1.6,home,0.0014995522334651187,3.7959367814930395e-29,0.0011644112492329235,-8.646325446213337e-19,4.662643567456933e-28,0.0014995522334651187,-1.0969344470168582e-28
start-6-home,33,1.65,home,0.0014995522334651204,5.368194974266077e-30,0.001164411249232925,-8.646325446213337e-19,6.631207345421438e-29,0.0014995522334651204,-1.559457970447077e-29
start-6-home,34,1.7,home,0.0014995522334651102,7.591424891089908e-31,0.001164411249232917,-6.333360811577594e-19,9.430896919696269e-30,0.0014995522334651102,-2.2170045463476863e-30
start-6-home,35,1.75,home,0.001499552233465119,1.0735044787255707e-31,0.001164411249232924,-6.333360811577594e-19,1.3412612828544272e-30,0.001499552233465119,-3.151805453590984e-31
start-6-home,36,1.8,home,0.0014995522334651156,1.517993095975154e-32,0.001164411249232921,-6.333360811577594e-19,1.9075405491148579e-31,0.0014995522334651156,-4.4807646267212294e-32
start-6-home,37,1.8499999999999999,home,0.0014995522334651076,2.1464507852388613e-33,0.0011644112492329153,-6.333360811577594e-19,2.712902394955911e-32,0.0014995522334651076,-6.370078277591447e-33
start-6-home,38,1.9,home,0.0014995522334651126,3.0349888723649153e-34,0.001164411249232919,-6.333360811577594e-19,3.858287263131917e-33,0.0014995522334651126,-9.056018822019727e-34
start-6-home,39,1.95,home,0.0014995522334651115,4.2911937391755784e-35,0.0011644112492329181,-8.646325446213337e-19,5.487252557454395e-34,0.0014995522334651115,-1.2874482259795263e-34
start-6-home,40,2.0,home,0.0014995522334651165,6.067137157960178e-36,0.0011644112492329222,-6.333360811577594e-19,7.803965484117017e-35,0.0014995522334651165,-1.830299407159829e-35
start-6-home,41,2.05,home,0.001499552233465114,8.577761973983515e-37,0.00116441124923292,-6.333360811577594e-19,1.1098792453894793e-35,0.001499552233465114,-2.6020426696571192e-36
start-6-home,42,2.1,home,0.0014995522334651198,1.2126862925323437e-37,0.0011644112492329248,-8.646325446213337e-19,1.578469230615384e-36,0.0014995522334651198,-3.6991896573778735e-37
start-6-home,43,2.15,home,0.0014995522334651191,1.7143798597635968e-38,0.0011644112492329235,-6.333360811577594e-19,2.244897471819272e-37,0.0014995522334651191,-5.258945755416001e-38
start-6-home,44,2.2,home,0.0014995522334651052,2.4235364677710924e-39,0.0011644112492329133,-6.333360811577594e-19,3.1926910966872793e-38,0.0014995522334651052,-7.476368398926783e-39
start-6-home,45,2.25,home,0.0014995522334651044,3.42590866229947e-40,0.0011644112492329125,-4.0203961769418517e-19,4.540642308535171e-39,0.0014995522334651044,-1.0628760078191648e-39
start-6-home,46,2.3,home,0.001499552233465118,4.842677164286041e-41,0.0011644112492329229,-6.333360811577594e-19,6.45769726844296e-40,0.001499552233465118,-1.5110346497987347e-40
start-6-home,47,2.35,home,0.001499552233465109,6.845080617961841e-42,0.001164411249232916,-6.333360811577594e-19,9.184131049580261e-41,0.001499552233465109,-2.1481576550189716e-41
start-6-home,48,2.4,home,0.0014995522334651091,9.67508345434796e-43,0.0011644112492329166,-4.0203961769418517e-19,1.3061662637555287e-41,0.0014995522334651091,-3.0539209274138476e-42
start-6-home,49,2.45,home,0.0014995522334651087,1.3674572630623617e-43,0.0011644112492329153,-1.707431542306109e-19,1.8576284455904506e-42,0.0014995522334651087,-4.341595247116079e-43
start-6-home,50,2.5,home,0.0014995522334651085,1.9326600880092145e-44,0.0011644112492329157,-6.333360811577594e-19,2.6419174477412985e-43,0.0014995522334651085,-6.172211318184524e-44
start-6-home,51,2.55,home,0.0014995522334651128,2.7313644083852552e-45,0.001164411249232919,-6.333360811577594e-19,3.7573325372186445e-44,0.0014995522334651128,-8.774697396494392e-45
start-6-home,52,2.6,home,0.0014995522334651085,3.8599887675724085e-46,0.001164411249232915,-8.646325446213337e-19,5.343674840147509e-45,0.0014995522334651085,-1.2474507782784292e-45
start-6-home,53,2.65,home,0.0014995522334651165,5.454744753127764e-47,0.0011644112492329218,-6.333360811577594e-19,7.599769388089129e-46,0.0014995522334651165,-1.7734322275605085e-46
start-6-home,54,2.7,home,0.001499552233465118,7.708051165920531e-48,0.001164411249232923,-6.333360811577594e-19,1.0808384956024434e-46,0.001499552233465118,-2.521190618906272e-47
start-6-home,55,2.75,home,0.0014995522334651122,1.0891715006837871e-48,0.0011644112492329186,-6.333360811577594e-19,1.5371675032758933e-47,0.0014995522334651122,-3.584236651827343e-48
start-6-home,56,2.8,home,0.0014995522334651137,1.5389667274187642e-49,0.00116441124923292,-6.333360811577594e-19,2.1861581936072765e-48,0.0014995522334651137,-5.09550906401775e-49
start-6-home,57,2.85,home,0.0014995522334651048,2.1744189526936375e-50,0.0011644112492329125,-4.0203961769418517e-19,3.10915214984117e-49,0.0014995522334651048,-7.243999107751571e-50
start-6-home,58,2.9,home,0.0014995522334651109,3.072118749604965e-51,0.001164411249232918,-6.333360811577594e-19,4.421833296021089e-50,0.0014995522334651109,-1.0298384569602029e-50
start-6-home,59,2.95,home,0.0014995522334651124,4.340235495340169e-52,0.0011644112492329192,-6.333360811577594e-19,6.288727201336726e-51,0.0014995522334651124,-1.4640628829717567e-51
start-6-home,60,3.0,home,0.001499552233465112,6.131529862038733e-53,0.0011644112492329181,-8.646325446213337e-19,8.943821977282391e-52,0.001499552233465112,-2.0813746606056946e-52
start-6-home,61,3.05,home,0.0014995522334651024,8.661724974087364e-54,0.0011644112492329103,-4.0203961769418517e-19,1.271989529841849e-52,0.0014995522334651024,-2.9589709600551247e-53
start-6-home,62,3.1,home,0.0014995522334651063,1.223544154704563e-54,0.0011644112492329138,-6.333360811577594e-19,1.8090223264024647e-53,0.0014995522334651063,-4.2065983795019823e-54
start-6-home,63,3.15,home,0.0014995522334651044,1.7282809281667943e-55,0.001164411249232912,-4.0203961769418517e-19,2.5727898702353898e-54,0.0014995522334651044,-5.980277057936897e-55
start-6-home,64,3.2,home,0.0014995522334651152,2.4411146471396677e-56,0.0011644112492329212,-6.333360811577594e-19,3.659019360777756e-55,0.0014995522334651152,-8.501811396916394e-56
start-6-home,65,3.25,home,0.0014995522334651096,3.4477905253529175e-57,0.0011644112492329164,-4.0203961769418517e-19,5.2038539320436305e-56,0.0014995522334651096,-1.208652724008969e-56
start-6-home,66,3.3,home,0.001499552233465124,4.869362705687357e-58,0.0011644112492329279,-4.020396176941851e-19,7.400916222615957e-57,0.001499552233465124,-1.718270408749965e-57
start-6-home,67,3.35,home,0.0014995522334651222,6.8767245987078945e-59,0.0011644112492329266,-6.333360811577594e-19,1.0525576169020108e-57,0.0014995522334651222,-2.4427633397622463e-58
start-6-home,68,3.4,home,0.0014995522334651146,9.711114640468846e-60,0.0011644112492329205,-6.333360811577594e-19,1.4969464638890965e-58,0.0014995522334651146,-3.4727313136645956e-59
start-6-home,69,3.4499999999999997,home,0.001499552233465119,1.3713053005009612e-60,0.0011644112492329242,-6.333360811577594e-19,2.128955868796572e-59,0.001499552233465119,-4.936974446378323e-60
start-6-home,70,3.5,home,0.0014995522334651178,1.936317311103449e-61,0.0011644112492329227,-6.333360811577594e-19,3.027799056693025e-60,0.0014995522334651178,-7.018599840683676e-61
start-6-home,71,3.55,home,0.0014995522334651042,2.7339833765988427e-62,0.0011644112492329125,-6.333360811577594e-19,4.306133002603428e-61,0.0014995522334651042,-9.977919403804655e-62
start-6-home,72,3.6,home,0.001499552233465108,3.8600403086413295e-63,0.0011644112492329155,-6.333360811577594e-19,6.124178351638341e-62,0.001499552233465108,-1.4185002200906465e-62
start-6-home,73,3.65,home,0.0014995522334651156,5.4495932972922024e-64,0.001164411249232921,-6.333360811577594e-19,8.709800756270273e-63,0.0014995522334651156,-2.0165952030820912e-63
start-6-home,74,3.6999999999999997,home,0.0014995522334651091,7.693292983353804e-65,0.001164411249232916,-6.333360811577594e-19,1.238707053553265e-63,0.0014995522334651091,-2.866869724821394e-64
start-6-home,75,3.75,home,0.0014995522334651133,1.0860154829088504e-65,0.0011644112492329196,-6.333360811577594e-19,1.7616880195772395e-64,0.0014995522334651133,-4.0756519858134575e-65
start-6-home,76,3.8,home,0.0014995522334651068,1.5329745894340648e-66,0.0011644112492329138,-1.707431542306109e-19,2.5054710630890255e-65,0.0014995522334651068,-5.79410196938562e-66
start-6-home,77,3.85,home,0.0014995522334651059,2.163758117972196e-67,0.0011644112492329138,-6.333360811577594e-19,3.563278615860071e-66,0.0014995522334651059,-8.237114082417444e-67
start-6-home,78,3.9,home,0.0014995522334651124,3.0539146228784615e-68,0.0011644112492329186,-6.333360811577594e-19,5.067691533659717e-67,0.0014995522334651124,-1.1710189787812215e-67
start-6-home,79,3.9499999999999997,home,0.0014995522334651122,4.310018185817887e-69,0.0011644112492329181,-6.333360811577594e-19,7.207266186264137e-68,0.0014995522334651122,-1.664764063802829e-68
start-6-home,80,4.0,home,0.0014995522334651156,6.082399437958978e-70,0.001164411249232921,-8.646325446213337e-19,1.0250167267413314e-68,0.0014995522334651156,-2.3666898973976185e-69
start-6-home,81,4.05,home,0.0014995522334651178,8.583096189244163e-71,0.0011644112492329229,-6.333360811577594e-19,1.4577778355153538e-69,0.0014995522334651178,-3.3645727798008845e-70
start-6-home,82,4.1,home,0.001499552233465109,1.2111161726420413e-71,0.001164411249232916,-6.333360811577594e-19,2.0732502819499005e-70,0.001499552233465109,-4.78319848406265e-71
start-6-home,83,4.15,home,0.0014995522334651137,1.7088343796790942e-72,0.0011644112492329199,-8.646325446213337e-19,2.948574622885374e-71,0.0014995522334651137,-6.799966669345553e-72
start-6-home,84,4.2,home,0.001499552233465102,2.410937994058759e-73,0.00116441124923291,-4.0203961769418517e-19,4.193460086520186e-72,0.001499552233465102,-9.667074612636384e-73
start-6-home,85,4.25,home,0.0014995522334651107,3.4012891239656685e-74,0.0011644112492329177,-8.646325446213337e-19,5.963935035169536e-73,0.0014995522334651107,-1.3743054302435478e-73
start-6-home,86,4.3,home,0.0014995522334651107,4.798130236152653e-75,0.001164411249232918,-6.333360811577594e-19,8.481902860613154e-74,0.0014995522334651107,-1.9537606557371528e-74
start-6-home,87,4.35,home,0.0014995522334651113,6.768166049457928e-76,0.0011644112492329175,-6.333360811577594e-19,1.206295436027205e-74,0.0014995522334651113,-2.777533859719392e-75
start-6-home,88,4.4,home,0.0014995522334651035,9.546407688747453e-77,0.0011644112492329112,-6.333360811577594e-19,1.7155922472741843e-75,0.0014995522334651035,-3.948637532684034e-76
start-6-home,89,4.45,home,0.001499552233465109,1.3464134574805989e-77,0.001164411249232916,-6.333360811577594e-19,2.4399136985882676e-76,0.001499552233465109,-5.61351750860072e-77
start-6-home,90,4.5,home,0.0014995522334651055,1.8988291333190725e-78,0.0011644112492329127,-6.333360811577594e-19,3.470042993034841e-77,0.0014995522334651055,-7.980365798500851e-78
start-6-home,91,4.55,home,0.0014995522334651154,2.6776991085516477e-79,0.0011644112492329214,-6.333360811577594e-19,4.935091917585949e-78,0.0014995522334651154,-1.1345154658570607e-78
start-6-home,92,4.6,home,0.001499552233465113,3.77577026274471e-80,0.0011644112492329188,-4.0203961769418517e-19,7.018683135600452e-79,0.001499552233465113,-1.612864738631506e-79
start-6-home,93,4.65,home,0.0014995522334651228,5.323738198564289e-81,0.0011644112492329268,-4.020396176941851e-19,9.981964628139931e-80,0.0014995522334651228,-2.292901394418913e-80
start-6-home,94,4.7,home,0.0014995522334651228,7.505758486974855e-82,0.0011644112492329268,-6.333360811577594e-19,1.419634081100493e-80,0.0014995522334651228,-3.259663084291115e-81
start-6-home,95,4.75,home,0.001499552233465114,1.0581291029584783e-82,0.0011644112492329199,-6.333360811577594e-19,2.0190022698944282e-81,0.001499552233465114,-4.6340418782493835e-82
start-6-home,96,4.8,home,0.0014995522334651195,1.4915860252015505e-83,0.0011644112492329246,-6.333360811577594e-19,2.8714231505902375e-82,0.0014995522334651195,-6.5879015232729576e-83
start-6-home,97,4.85,home,0.0014995522334651176,2.102436576991076e-84,0.0011644112492329227,-6.333360811577594e-19,4.0837353343722046e-83,0.0014995522334651176,-9.36556855763401e-84
start-6-home,98,4.9,home,0.0014995522334651044,2.963205796030268e-85,0.0011644112492329127,-8.646325446213337e-19,5.80788459470769e-84,0.0014995522334651044,-1.3314384669659292e-84
start-6-home,99,4.95,home,0.001499552233465109,4.176037430070478e-86,0.0011644112492329162,-6.333360811577594e-19,8.259968069313794e-85,0.001499552233465109,-1.8928140760926708e-85
start-6-home,100,5.0,home,0.0014995522334651137,5.8847759648126215e-87,0.0011644112492329196,-6.333360811577594e-19,1.1747318906483428e-85,0.0014995522334651137,-2.6908823976618272e-86
start-6-hold,1,0.05,home,0.14437738565456054,0.007949759756674356,0.14437738565456054,0.12813385066464145,0.08450594878348248,-0.023003064568863137,-0.020123402273739724
start-6-hold,2,0.1,home,0.018222306473321636,0.0011323911223991528,0.013588035833376075,0.018222306473321636,0.01201753449606307,-0.003589276800257732,-0.0028598687375821674
start-6-hold,3,0.15,home,0.002591650871233735,0.0001617408183991566,0.0007218927463957692,0.002591650871233735,0.0017089091950033854,-0.0008235868959594029,-0.00040637597482958527
start-6-hold,4,0.2,home,0.0011090067928042641,2.2900060200507547e-05,0.001054797620796637,0.0003686409738077774,0.00024306983171566506,0.0011090067928042641,-5.779690310153597e-05
start-6-hold,5,0.25,hold,0.001321073145061094,2.2852475897557704e-05,0.0020806190644887586,0.00036864097380777806,0.00024304820916180755,0.002430079937865358,-5.777908541842895e-05
start-6-hold,6,0.3,hold,0.001485780544493785,2.2846550946771774e-05,0.0022085168656719107,0.00036864097380777784,0.00024304066318088757,0.002594787337298049,-5.777285941292602e-05
start-6-hold,7,0.35,hold,0.001498489969237301,2.284609531739713e-05,0.00221838617871793,0.00036864097380777806,0.00024303935341720483,0.002607496762041565,-5.7771778284238644e-05
start-6-hold,8,0.4,hold,0.0014994607224597433,2.284606078747822e-05,0.0022191400385623617,0.00036864097380777806,0.00024303914984501543,0.0026084675152640074,-5.7771610217510466e-05
start-6-hold,9,0.45,hold,0.0014995348463807505,2.2846058196395075e-05,0.0022191976062515017,0.00036864097380777806,0.00024303911957750568,0.0026085416391850146,-5.777158522688202e-05
start-6-hold,10,0.5,hold,0.0014995405058919479,2.284605800602137e-05,0.002219202002389541,0.00036864097380777763,0.00024303911517268567,0.002608547298696212,-5.777158158984769e-05
start-6-hold,11,0.55,hold,0.0014995409379592655,2.2846057992689025e-05,0.0022192023381100863,0.00036864097380777806,0.00024303911453861946,0.0026085477307635297,-5.777158106629107e-05
start-6-hold,12,0.6,hold,0.001499540970938032,2.284605799186226e-05,0.002219202363749657,0.0003686409738077775,0.00024303911444786643,0.002608547763742296,-5.777158099135425e-05
start-6-hold,13,0.65,hold,0.00149954097345426,2.284605799182917e-05,0.002219202365708016,0.0003686409738077775,0.00024303911443491628,0.002608547766258524,-5.777158098066095e-05
start-6-hold,14,0.7,hold,0.0014995409736461179,2.2846057991831322e-05,0.0022192023658576354,0.0003686409738077775,0.00024303911443307132,0.002608547766450382,-5.77715809791375e-05
start-6-hold,15,0.75,hold,0.0014995409736607056,2.284605799183221e-05,0.0022192023658690533,0.00036864097380777665,0.00024303911443280868,0.0026085477664649697,-5.777158097892065e-05
start-6-hold,16,0.8,hold,0.0014995409736618098,2.284605799183239e-05,0.002219202365869924,0.00036864097380777665,0.00024303911443277133,0.002608547766466074,-5.777158097888981e-05
start-6-hold,17,0.85,hold,0.001499540973661896,2.2846057991832413e-05,0.002219202365869993,0.00036864097380777665,0.000243039114432766,0.00260854776646616,-5.7771580978885416e-05
start-6-hold,18,0.9,hold,0.001499540973661909,2.2846057991832413e-05,0.002219202365870003,0.00036864097380777665,0.00024303911443276525,0.002608547766466173,-5.777158097888479e-05
start-6-hold,19,0.95,hold,0.001499540973661907,2.2846057991832413e-05,0.0022192023658700005,0.00036864097380777665,0.00024303911443276523,0.002608547766466171,-5.7771580978884704e-05
start-6-hold,20,1.0,hold,0.0014995409736618982,2.2846057991832413e-05,0.002219202365869994,0.00036864097380777665,0.00024303911443276523,0.0026085477664661624,-5.7771580978884704e-05
start-6-hold,21,1.05,hold,0.0014995409736619095,2.2846057991832413e-05,0.0022192023658700027,0.00036864097380777665,0.00024303911443276523,0.0026085477664661736,-5.7771580978884704e-05
start-6-hold,22,1.1,hold,0.0014995409736619052,2.2846057991832413e-05,0.0022192023658699996,0.00036864097380777665,0.00024303911443276523,0.0026085477664661693,-5.7771580978884704e-05
start-6-hold,23,1.15,hold,0.001499540973661897,2.2846057991832413e-05,0.002219202365869993,0.00036864097380777665,0.00024303911443276523,0.002608547766466161,-5.7771580978884704e-05
start-6-hold,24,1.2,hold,0.0014995409736619086,2.2846057991832413e-05,0.002219202365870002,0.00036864097380777665,0.00024303911443276523,0.0026085477664661728,-5.7771580978884704e-05
start-6-hold,25,1.25,hold,0.0014995409736619026,2.2846057991832413e-05,0.0022192023658699975,0.00036864097380777665,0.00024303911443276523,0.0026085477664661667,-5.7771580978884704e-05
start-6-hold,26,1.3,hold,0.0014995409736618974,2.2846057991832413e-05,0.0022192023658699936,0.00036864097380777665,0.00024303911443276523,0.0026085477664661615,-5.7771580978884704e-05
start-6-hold,27,1.35,hold,0.0014995409736619112,2.2846057991832413e-05,0.0022192023658700035,0.00036864097380777665,0.00024303911443276523,0.0026085477664661754,-5.7771580978884704e-05
start-6-hold,28,1.4,hold,0.0014995409736619004,2.2846057991832413e-05,0.0022192023658699957,0.00036864097380777665,0.00024303911443276523,0.0026085477664661645,-5.7771580978884704e-05
start-6-hold,29,1.45,hold,0.0014995409736619,2.2846057991832413e-05,0.0022192023658699957,0.00036864097380777665,0.00024303911443276523,0.002608547766466164,-5.7771580978884704e-05
start-6-hold,30,1.5,hold,0.0014995409736619112,2.2846057991832413e-05,0.0022192023658700035,0.00036864097380777665,0.00024303911443276523,0.0026085477664661754,-5.7771580978884704e-05
start-6-hold,31,1.55,hold,0.0014995409736618982,2.2846057991832413e-05,0.002219202365869994,0.00036864097380777665,0.00024303911443276523,0.0026085477664661624,-5.7771580978884704e-05
start-6-hold,32,1.6,hold,0.0014995409736619039,2.2846057991832413e-05,0.0022192023658699983,0.00036864097380777665,0.00024303911443276523,0.002608547766466168,-5.7771580978884704e-05
start-6-hold,33,1.65,hold,0.00149954097366191,2.2846057991832413e-05,0.0022192023658700022,0.00036864097380777665,0.00024303911443276523,0.002608547766466174,-5.7771580978884704e-05
start-6-hold,34,1.7,hold,0.0014995409736618952,2.2846057991832413e-05,0.002219202365869992,0.00036864097380777665,0.00024303911443276523,0.0026085477664661593,-5.7771580978884704e-05
start-6-hold,35,1.75,hold,0.0014995409736619078,2.2846057991832413e-05,0.0022192023658700014,0.00036864097380777665,0.00024303911443276523,0.002608547766466172,-5.7771580978884704e-05
start-6-hold,36,1.8,hold,0.0014995409736619086,2.2846057991832413e-05,0.0022192023658700014,0.00036864097380777665,0.00024303911443276523,0.0026085477664661728,-5.7771580978884704e-05
start-6-hold,37,1.8499999999999999,hold,0.001499540973661896,2.2846057991832413e-05,0.0022192023658699923,0.00036864097380777665,0.00024303911443276523,0.00260854776646616,-5.7771580978884704e-05
start-6-hold,38,1.9,hold,0.0014995409736619104,2.2846057991832413e-05,0.0022192023658700035,0.00036864097380777665,0.00024303911443276523,0.0026085477664661745,-5.7771580978884704e-05
start-6-hold,39,1.95,hold,0.0014995409736619073,2.2846057991832413e-05,0.0022192023658700005,0.00036864097380777665,0.00024303911443276523,0.0026085477664661715,-5.7771580978884704e-05
start-6-hold,40,2.0,hold,0.0014995409736618965,2.2846057991832413e-05,0.002219202365869993,0.00036864097380777665,0.00024303911443276523,0.0026085477664661606,-5.7771580978884704e-05
start-6-hold,41,2.05,hold,0.0014995409736619104,2.2846057991832413e-05,0.002219202365870003,0.00036864097380777665,0.00024303911443276523,0.0026085477664661745,-5.7771580978884704e-05
start-6-hold,42,2.1,hold,0.001499540973661906,2.2846057991832413e-05,0.0022192023658699996,0.00036864097380777665,0.00024303911443276523,0.00260854776646617,-5.7771580978884704e-05
start-6-hold,43,2.15,hold,0.0014995409736618978,2.2846057991832413e-05,0.002219202365869994,0.00036864097380777665,0.00024303911443276523,0.002608547766466162,-5.7771580978884704e-05
start-6-hold,44,2.2,hold,0.00149954097366191,2.2846057991832413e-05,0.0022192023658700027,0.00036864097380777665,0.00024303911443276523,0.002608547766466174,-5.7771580978884704e-05
start-6-hold,45,2.25,hold,0.0014995409736619043,2.2846057991832413e-05,0.0022192023658699983,0.00036864097380777665,0.00024303911443276523,0.0026085477664661684,-5.7771580978884704e-05
start-6-hold,46,2.3,hold,0.0014995409736619008,2.2846057991832413e-05,0.002219202365869996,0.00036864097380777665,0.00024303911443276523,0.002608547766466165,-5.7771580978884704e-05
start-6-hold,47,2.35,hold,0.0014995409736619078,2.2846057991832413e-05,0.0022192023658700014,0.00036864097380777665,0.00024303911443276523,0.002608547766466172,-5.7771580978884704e-05
start-6-hold,48,2.4,hold,0.0014995409736619026,2.2846057991832413e-05,0.002219202365869997,0.00036864097380777665,0.00024303911443276523,0.0026085477664661667,-5.7771580978884704e-05
start-6-hold,49,2.45,hold,0.0014995409736619047,2.2846057991832413e-05,0.0022192023658699988,0.00036864097380777665,0.00024303911443276523,0.002608547766466169,-5.7771580978884704e-05
start-6-hold,50,2.5,hold,0.0014995409736619065,2.2846057991832413e-05,0.0022192023658700005,0.00036864097380777665,0.00024303911443276523,0.0026085477664661706,-5.7771580978884704e-05
start-6-hold,51,2.55,hold,0.0014995409736619004,2.2846057991832413e-05,0.0022192023658699957,0.00036864097380777665,0.00024303911443276523,0.0026085477664661645,-5.7771580978884704e-05
start-6-hold,52,2.6,hold,0.0014995409736619086,2.2846057991832413e-05,0.002219202365870002,0.00036864097380777665,0.00024303911443276523,0.0026085477664661728,-5.7771580978884704e-05
start-6-hold,53,2.65,hold,0.0014995409736619052,2.2846057991832413e-05,0.0022192023658699996,0.00036864097380777665,0.00024303911443276523,0.0026085477664661693,-5.7771580978884704e-05
start-6-hold,54,2.7,hold,0.0014995409736618995,2.2846057991832413e-05,0.002219202365869995,0.00036864097380777665,0.00024303911443276523,0.0026085477664661637,-5.7771580978884704e-05
start-6-hold,55,2.75,hold,0.0014995409736619112,2.2846057991832413e-05,0.002219202365870004,0.00036864097380777665,0.00024303911443276523,0.0026085477664661754,-5.7771580978884704e-05
start-6-hold,56,2.8,hold,0.0014995409736619034,2.2846057991832413e-05,0.0022192023658699983,0.00036864097380777665,0.00024303911443276523,0.0026085477664661676,-5.7771580978884704e-05
start-6-hold,57,2.85,hold,0.0014995409736618982,2.2846057991832413e-05,0.002219202365869994,0.00036864097380777665,0.00024303911443276523,0.0026085477664661624,-5.7771580978884704e-05
start-6-hold,58,2.9,hold,0.0014995409736619095,2.2846057991832413e-05,0.0022192023658700027,0.00036864097380777665,0.00024303911443276523,0.0026085477664661736,-5.7771580978884704e-05
start-6-hold,59,2.95,hold,0.0014995409736619052,2.2846057991832413e-05,0.0022192023658699996,0.00036864097380777665,0.00024303911443276523,0.0026085477664661693,-5.7771580978884704e-05
start-6-hold,60,3.0,hold,0.001499540973661897,2.2846057991832413e-05,0.002219202365869993,0.00036864097380777665,0.00024303911443276523,0.002608547766466161,-5.7771580978884704e-05
start-6-hold,61,3.05,hold,0.0014995409736619086,2.2846057991832413e-05,0.002219202365870002,0.00036864097380777665,0.00024303911443276523,0.0026085477664661728,-5.7771580978884704e-05
start-6-hold,62,3.1,hold,0.0014995409736619026,2.2846057991832413e-05,0.0022192023658699975,0.00036864097380777665,0.00024303911443276523,0.0026085477664661667,-5.7771580978884704e-05
start-6-hold,63,3.15,hold,0.0014995409736618974,2.2846057991832413e-05,0.0022192023658699936,0.00036864097380777665,0.00024303911443276523,0.0026085477664661615,-5.7771580978884704e-05
start-6-hold,64,3.2,hold,0.0014995409736619112,2.2846057991832413e-05,0.0022192023658700035,0.00036864097380777665,0.00024303911443276523,0.0026085477664661754,-5.7771580978884704e-05
start-6-hold,65,3.25,hold,0.0014995409736619004,2.2846057991832413e-05,0.0022192023658699957,0.00036864097380777665,0.00024303911443276523,0.0026085477664661645,-5.7771580978884704e-05
start-6-hold,66,3.3,hold,0.0014995409736619,2.2846057991832413e-05,0.0022192023658699957,0.00036864097380777665,0.00024303911443276523,0.002608547766466164,-5.7771580978884704e-05
start-6-hold,67,3.35,hold,0.0014995409736619112,2.2846057991832413e-05,0.0022192023658700035,0.00036864097380777665,0.00024303911443276523,0.0026085477664661754,-5.7771580978884704e-05
start-6-hold,68,3.4,hold,0.0014995409736618982,2.2846057991832413e-05,0.002219202365869994,0.00036864097380777665,0.00024303911443276523,0.0026085477664661624,-5.7771580978884704e-05
start-6-hold,69,3.4499999999999997,hold,0.0014995409736619039,2.2846057991832413e-05,0.0022192023658699983,0.00036864097380777665,0.00024303911443276523,0.002608547766466168,-5.7771580978884704e-05
start-6-hold,70,3.5,hold,0.00149954097366191,2.2846057991832413e-05,0.0022192023658700022,0.00036864097380777665,0.00024303911443276523,0.002608547766466174,-5.7771580978884704e-05
start-6-hold,71,3.55,hold,0.0014995409736618952,2.2846057991832413e-05,0.002219202365869992,0.00036864097380777665,0.00024303911443276523,0.0026085477664661593,-5.7771580978884704e-05
start-6-hold,72,3.6,hold,0.0014995409736619078,2.2846057991832413e-05,0.0022192023658700014,0.00036864097380777665,0.00024303911443276523,0.002608547766466172,-5.7771580978884704e-05
start-6-hold,73,3.65,hold,0.0014995409736619086,2.2846057991832413e-05,0.0022192023658700014,0.00036864097380777665,0.00024303911443276523,0.0026085477664661728,-5.7771580978884704e-05
start-6-hold,74,3.6999999999999997,hold,0.001499540973661896,2.2846057991832413e-05,0.0022192023658699923,0.00036864097380777665,0.00024303911443276523,0.00260854776646616,-5.7771580978884704e-05
start-6-hold,75,3.75,hold,0.0014995409736619104,2.2846057991832413e-05,0.0022192023658700035,0.00036864097380777665,0.00024303911443276523,0.0026085477664661745,-5.7771580978884704e-05
start-6-hold,76,3.8,hold,0.0014995409736619073,2.2846057991832413e-05,0.0022192023658700005,0.00036864097380777665,0.00024303911443276523,0.0026085477664661715,-5.7771580978884704e-05
start-6-hold,77,3.85,hold,0.0014995409736618965,2.2846057991832413e-05,0.002219202365869993,0.00036864097380777665,0.00024303911443276523,0.0026085477664661606,-5.7771580978884704e-05
start-6-hold,78,3.9,hold,0.0014995409736619104,2.2846057991832413e-05,0.002219202365870003,0.00036864097380777665,0.00024303911443276523,0.0026085477664661745,-5.7771580978884704e-05
start-6-hold,79,3.9499999999999997,hold,0.001499540973661906,2.2846057991832413e-05,0.0022192023658699996,0.00036864097380777665,0.00024303911443276523,0.00260854776646617,-5.7771580978884704e-05
start-6-hold,80,4.0,hold,0.0014995409736618978,2.2846057991832413e-05,0.002219202365869994,0.00036864097380777665,0.00024303911443276523,0.002608547766466162,-5.7771580978884704e-05
start-6-hold,81,4.05,hold,0.00149954097366191,2.2846057991832413e-05,0.0022192023658700027,0.00036864097380777665,0.00024303911443276523,0.002608547766466174,-5.7771580978884704e-05
start-6-hold,82,4.1,hold,0.0014995409736619043,2.2846057991832413e-05,0.0022192023658699983,0.00036864097380777665,0.00024303911443276523,0.0026085477664661684,-5.7771580978884704e-05
start-6-hold,83,4.15,hold,0.0014995409736619008,2.2846057991832413e-05,0.002219202365869996,0.00036864097380777665,0.00024303911443276523,0.002608547766466165,-5.7771580978884704e-05
start-6-hold,84,4.2,hold,0.0014995409736619078,2.2846057991832413e-05,0.0022192023658700014,0.00036864097380777665,0.00024303911443276523,0.002608547766466172,-5.7771580978884704e-05
start-6-hold,85,4.25,hold,0.0014995409736619026,2.2846057991832413e-05,0.002219202365869997,0.00036864097380777665,0.00024303911443276523,0.0026085477664661667,-5.7771580978884704e-05
start-6-hold,86,4.3,hold,0.0014995409736619047,2.2846057991832413e-05,0.0022192023658699988,0.00036864097380777665,0.00024303911443276523,0.002608547766466169,-5.7771580978884704e-05
start-6-hold,87,4.35,hold,0.0014995409736619065,2.2846057991832413e-05,0.0022192023658700005,0.00036864097380777665,0.00024303911443276523,0.0026085477664661706,-5.7771580978884704e-05
start-6-hold,88,4.4,hold,0.0014995409736619004,2.2846057991832413e-05,0.0022192023658699957,0.00036864097380777665,0.00024303911443276523,0.0026085477664661645,-5.7771580978884704e-05
start-6-hold,89,4.45,hold,0.0014995409736619086,2.2846057991832413e-05,0.002219202365870002,0.00036864097380777665,0.00024303911443276523,0.0026085477664661728,-5.7771580978884704e-05
start-6-hold,90,4.5,hold,0.0014995409736619052,2.2846057991832413e-05,0.0022192023658699996,0.00036864097380777665,0.00024303911443276523,0.0026085477664661693,-5.7771580978884704e-05
start-6-hold,91,4.55,hold,0.0014995409736618995,2.2846057991832413e-05,0.002219202365869995,0.00036864097380777665,0.00024303911443276523,0.0026085477664661637,-5.7771580978884704e-05
start-6-hold,92,4.6,hold,0.0014995409736619112,2.2846057991832413e-05,0.002219202365870004,0.00036864097380777665,0.00024303911443276523,0.0026085477664661754,-5.7771580978884704e-05
start-6-hold,93,4.65,hold,0.0014995409736619034,2.2846057991832413e-05,0.0022192023658699983,0.00036864097380777665,0.00024303911443276523,0.0026085477664661676,-5.7771580978884704e-05
start-6-hold,94,4.7,hold,0.0014995409736618982,2.2846057991832413e-05,0.002219202365869994,0.00036864097380777665,0.00024303911443276523,0.0026085477664661624,-5.7771580978884704e-05
start-6-hold,95,4.75,hold,0.0014995409736619095,2.2846057991832413e-05,0.0022192023658700027,0.00036864097380777665,0.00024303911443276523,0.0026085477664661736,-5.7771580978884704e-05
start-6-hold,96,4.8,hold,0.0014995409736619052,2.2846057991832413e-05,0.0022192023658699996,0.00036864097380777665,0.00024303911443276523,0.0026085477664661693,-5.7771580978884704e-05
start-6-hold,97,4.85,hold,0.001499540973661897,2.2846057991832413e-05,0.002219202365869993,0.00036864097380777665,0.00024303911443276523,0.002608547766466161,-5.7771580978884704e-05
start-6-hold,98,4.9,hold,0.0014995409736619086,2.2846057991832413e-05,0.002219202365870002,0.00036864097380777665,0.00024303911443276523,0.0026085477664661728,-5.7771580978884704e-05
start-6-hold,99,4.95,hold,0.0014995409736619026,2.2846057991832413e-05,0.0022192023658699975,0.00036864097380777665,0.00024303911443276523,0.0026085477664661667,-5.7771580978884704e-05
start-6-hold,100,5.0,hold,0.0014995409736618974,2.2846057991832413e-05,0.0022192023658699936,0.00036864097380777665,0.00024303911443276523,0.0026085477664661615,-5.7771580978884704e-05
start-7-home,1,0.05,home,0.4783828463761572,0.4783828463761572,0.27907796080516345,0.1746920334359217,0.07467625538119775,0.0823651205009905,0.037625230853720715
start-7-home,2,0.1,home,0.24978900968962559,0.24978900968962559,0.08906835462622598,0.024849881453138448,0.010635624236848358,0.011013051305547689,0.00533964241815643
start-7-home,3,0.15,home,0.05848837309320179,-0.025292397081854184,-0.05848837309320179,0.0035316377029749515,0.001512829538078516,0.0015648830606039873,0.000759530137213303
start-7-home,4,0.2,home,0.16796823857096072,-0.16796823857096072,-0.011239812950629986,0.0005023463524395115,0.0002151003863181004,0.0032175136490630567,0.00010811777655367904
start-7-home,5,0.25,home,0.17110965919316654,-0.17110965919316654,-2.307527829634241e-05,7.145462786194326e-05,3.0562755767184685e-05,0.002486866863384462,1.540928950342929e-05
start-7-home,6,0.3,home,0.04733513433334888,-0.04733513433334888,0.0010405783070544256,1.0163831822594523e-05,4.345535633273877e-06,0.0016980393343225646,2.1934394943770135e-06
start-7-home,7,0.35,home,0.006319495448512129,0.006319495448512129,0.00115009785962269,1.4457212976826961e-06,6.17932303058923e-07,0.00153203601012183,3.1216515900674946e-07
start-7-home,8,0.4,home,0.0015045483820501366,0.0008988960954277132,0.0011626669722094517,2.0564193771151762e-07,8.788212644226594e-08,0.0015045483820501366,4.441418772523075e-08
start-7-home,9,0.45,home,0.0015002923056712985,0.00012786055421336792,0.001164185982692235,2.92508705609845e-08,1.249858471135408e-08,0.0015002923056712985,6.31913957840921e-09
start-7-home,10,0.5,home,0.0014996597609705073,1.8187109063044342e-05,0.0011643809611913203,4.160695226398927e-09,1.7775474902726548e-09,0.0014996597609705073,8.990709708392437e-10
start-7-home,11,0.55,home,0.001499567701026373,2.586966231363795e-06,0.0011644070751751566,5.918245998280007e-10,2.5280263742429365e-10,0.001499567701026373,1.279174920984695e-10
start-7-home,12,0.6,home,0.0014995544467817316,3.67974605478265e-07,0.0011644106657583311,8.418217104046478e-11,3.595356755693932e-11,0.0014995544467817316,1.819976791244217e-11
start-7-home,13,0.65,home,0.0014995525492970878,5.2341352057950274e-08,0.0011644111670215276,1.1974219385459908e-11,5.113313033747533e-12,0.0014995525492970878,2.5894153548023152e-12
start-7-home,14,0.7,home,0.001499552278466304,7.4451255453155415e-09,0.0011644112375988587,1.7032337031304468e-12,7.272149041149591e-13,0.001499552278466304,3.6841520357176267e-13
start-7-home,15,0.75,home,0.0014995522398720022,1.0590076909845897e-09,0.0011644112475826447,2.4227133353034555e-13,1.0342443603267124e-13,0.0014995522398720022,5.241714051300451e-14
start-7-home,16,0.8,home,0.0014995522343768965,1.5063510786303293e-10,0.0011644112489985405,3.44611755597895e-14,1.470901367418507e-14,0.0014995522343768965,7.457771327971628e-15
start-7-home,17,0.85,home,0.0014995522335948398,2.14266014441985e-11,0.0011644112491996067,4.901950122071636e-15,2.091914556817933e-15,0.0014995522335948398,1.061071760514543e-15
start-7-home,18,0.9,home,0.001499552233483564,3.04775729884438e-12,0.0011644112492281789,6.974430092307826e-16,2.975118937245445e-16,0.001499552233483564,1.5096643727179279e-16
start-7-home,19,0.95,home,0.0014995522334677299,4.335183335964737e-13,0.0011644112492322392,9.907905825051599e-17,4.2312113857172836e-17,0.0014995522334677299,2.1479096638684182e-17
start-7-home,20,1.0,home,0.0014995522334654786,6.16644066890923e-14,0.0011644112492328177,1.396195969592065e-17,6.017624897779568e-18,0.0014995522334654786,3.055987504681284e-18
start-7-home,21,1.05,home,0.0014995522334651705,8.771253157390174e-15,0.0011644112492329092,1.9345435958147893e-18,8.55826053328621e-19,0.0014995522334651705,4.347975543614647e-19
start-7-home,22,1.1,home,0.0014995522334651222,1.2476384041035217e-15,0.0011644112492329186,-1.471245753573789e-19,1.2171550171336634e-19,0.0014995522334651222,6.186180210674894e-20
start-7-home,23,1.15,home,0.0014995522334651072,1.7746627072249678e-16,0.0011644112492329136,-6.097175022845276e-19,1.7310367334242383e-20,0.0014995522334651072,8.801526449888734e-21
start-7-home,24,1.2,home,0.0014995522334651148,2.524311302119822e-17,0.0011644112492329203,-6.097175022845276e-19,2.461878832427387e-21,0.0014995522334651148,1.2522567630558547e-21
start-7-home,25,1.25,home,0.0014995522334651042,3.5906245869215844e-18,0.0011644112492329118,-8.410139657481018e-19,3.501281785953308e-22,0.0014995522334651042,1.781675999109554e-22
start-7-home,26,1.3,home,0.0014995522334651102,5.107367270221371e-19,0.0011644112492329168,-6.097175022845276e-19,4.97951969982252e-23,0.0014995522334651102,2.5349186691251565e-23
start-7-home,27,1.35,home,0.0014995522334651146,7.264808615226585e-20,0.0011644112492329207,-6.097175022845276e-19,7.081868286179836e-24,0.0014995522334651146,3.606610864032691e-24
start-7-home,28,1.4,home,0.0014995522334651133,1.0333590952810947e-20,0.0011644112492329196,-8.410139657481018e-19,1.0071826490534842e-24,0.0014995522334651133,5.131383810918262e-25
start-7-home,29,1.45,home,0.0014995522334651096,1.4698680672324634e-21,0.0011644112492329164,-6.097175022845276e-19,1.432414226813355e-25,0.0014995522334651096,7.300786852277598e-26
start-7-home,30,1.5,home,0.0014995522334651124,2.090766070527703e-22,0.001164411249232919,-6.097175022845276e-19,2.0371781812417483e-26,0.0014995522334651124,1.0387350720740046e-26
start-7-home,31,1.55,home,0.0014995522334651178,2.973942259954755e-23,0.0011644112492329227,-8.410139657481018e-19,2.8972729148050408e-27,0.0014995522334651178,1.4778824034307773e-27
start-7-home,32,1.6,home,0.0014995522334651141,4.230187532828477e-24,0.0011644112492329196,-6.097175022845276e-19,4.120498844998719e-28,0.0014995522334651141,2.1026883935421908e-28
start-7-home,33,1.65,home,0.0014995522334651096,6.01709280102019e-25,0.0011644112492329162,-6.097175022845276e-19,5.860169625331596e-29,0.0014995522334651096,2.9916440092589715e-29
start-7-home,34,1.7,home,0.0014995522334651195,8.558818136399608e-26,0.0011644112492329244,-6.097175022845276e-19,8.334327791241228e-30,0.0014995522334651195,4.2564238296246974e-30
start-7-home,35,1.75,home,0.0014995522334651109,1.2174212749395924e-26,0.0011644112492329173,-6.097175022845276e-19,1.185307323385595e-30,0.0014995522334651109,6.055915059952882e-31
start-7-home,36,1.8,home,0.0014995522334651076,1.7316813338780053e-27,0.0011644112492329149,-6.097175022845276e-19,1.6857429729941908e-31,0.0014995522334651076,8.616177576398598e-32
start-7-home,37,1.8499999999999999,home,0.0014995522334651143,2.4631738444618537e-28,0.00116441124923292,-6.097175022845276e-19,2.3974620884668034e-32,0.0014995522334651143,1.2258842453257486e-32
start-7-home,38,1.9,home,0.001499552233465113,3.503661597192629e-29,0.0011644112492329192,-6.097175022845276e-19,3.409668352599291e-33,0.001499552233465113,1.7441516495673064e-33
start-7-home,39,1.95,home,0.0014995522334651167,4.983669591705451e-30,0.001164411249232922,-6.097175022845276e-19,4.849227160106237e-34,0.0014995522334651167,2.481526853406558e-34
start-7-home,40,2.0,home,0.0014995522334651172,7.0888588724908e-31,0.0011644112492329229,-8.410139657481018e-19,6.896566357365919e-35,0.0014995522334651172,3.5306419102176907e-35
start-7-home,41,2.05,home,0.0014995522334651159,1.0083316959471287e-31,0.0011644112492329214,-6.097175022845276e-19,9.808290259700784e-36,0.0014995522334651159,5.023290818769021e-36
start-7-home,42,2.1,home,0.0014995522334651126,1.434268656418482e-32,0.001164411249232919,-6.097175022845276e-19,1.3949341285726015e-36,0.0014995522334651126,7.146985954754104e-37
start-7-home,43,2.15,home,0.0014995522334651206,2.0401288455647268e-33,0.001164411249232925,-8.410139657481018e-19,1.9838740203800612e-37,0.0014995522334651206,1.0168514029962387e-37
start-7-home,44,2.2,home,0.0014995522334651068,2.901914984970655e-34,0.0011644112492329142,-3.784210388209533e-19,2.821463786799767e-38,0.0014995522334651068,1.4467450751311613e-38
start-7-home,45,2.25,home,0.0014995522334651154,4.1277346763485304e-35,0.0011644112492329214,-8.410139657481018e-19,4.0126831736523705e-39,0.0014995522334651154,2.058384439216653e-39
start-7-home,46,2.3,home,0.0014995522334651048,5.871362064944203e-36,0.0011644112492329127,-6.097175022845276e-19,5.706834277810222e-40,0.0014995522334651048,2.9286058426565468e-40
start-7-home,47,2.35,home,0.0014995522334651137,8.351528186982067e-37,0.0011644112492329196,-6.097175022845276e-19,8.116254402598262e-41,0.0014995522334651137,4.1667295812690976e-41
start-7-home,48,2.4,home,0.0014995522334651048,1.187935989757578e-37,0.0011644112492329131,-6.097175022845276e-19,1.1542929463334128e-41,0.0014995522334651048,5.928293057664777e-42
start-7-home,49,2.45,home,0.0014995522334651185,1.6897409482146294e-38,0.0011644112492329235,-6.097175022845276e-19,1.641634354793508e-42,0.0014995522334651185,8.434589866493868e-43
start-7-home,50,2.5,home,0.0014995522334651107,2.4035171058972555e-39,0.001164411249232917,-8.410139657481018e-19,2.3347308526821773e-43,0.0014995522334651107,1.2000469358421174e-43
start-7-home,51,2.55,home,0.0014995522334651107,3.418804808207503e-40,0.001164411249232917,-6.097175022845276e-19,3.3204520474060736e-44,0.0014995522334651107,1.7073888936034694e-44
start-7-home,52,2.6,home,0.0014995522334651148,4.862967809975903e-41,0.0011644112492329203,-6.097175022845276e-19,4.722343813832147e-45,0.0014995522334651148,2.429218774072857e-45
start-7-home,53,2.65,home,0.0014995522334651206,6.917170545757724e-42,0.0011644112492329248,-8.410139657481018e-19,6.7161129802962286e-46,0.0014995522334651206,3.4562150968929026e-46
start-7-home,54,2.7,home,0.0014995522334651052,9.839104478808194e-43,0.0011644112492329131,-6.097175022845276e-19,9.551649634653432e-47,0.0014995522334651052,4.917392268734183e-47
start-7-home,55,2.75,home,0.0014995522334651146,1.3995314457723588e-43,0.0011644112492329207,-6.097175022845276e-19,1.358434722745749e-47,0.0014995522334651146,6.996307713806037e-48
start-7-home,56,2.8,home,0.001499552233465113,1.9907180292048953e-44,0.001164411249232919,-6.097175022845276e-19,1.9319645993568982e-48,0.001499552233465113,9.95412082935347e-49
start-7-home,57,2.85,home,0.0014995522334651037,2.831632175039972e-45,0.0011644112492329116,-3.784210388209533e-19,2.747638256495959e-49,0.0014995522334651037,1.4162400482079101e-49
start-7-home,58,2.9,home,0.001499552233465106,4.027763177480406e-46,0.0011644112492329138,-6.097175022845276e-19,3.9076885731093754e-50,0.001499552233465106,2.0149802392040534e-50
start-7-home,59,2.95,home,0.0014995522334651048,5.729160855347257e-47,0.0011644112492329123,-3.784210388209533e-19,5.557511054562354e-51,0.0014995522334651048,2.866848011149717e-51
start-7-home,60,3.0,home,0.0014995522334651048,8.149258697778326e-48,0.0011644112492329125,-3.784210388209533e-19,7.903887053364287e-52,0.0014995522334651048,4.078857227599715e-52
start-7-home,61,3.05,home,0.0014995522334651185,1.1591648236198107e-48,0.0011644112492329225,-3.784210388209533e-19,1.1240900816752416e-52,0.0014995522334651185,5.803263579419448e-53
start-7-home,62,3.1,home,0.001499552233465111,1.6488163379735122e-49,0.0011644112492329173,-6.097175022845276e-19,1.5986798687651578e-53,0.001499552233465111,8.256691271820651e-54
start-7-home,63,3.15,home,0.0014995522334651063,2.3453052240645775e-50,0.001164411249232914,-8.410139657481018e-19,2.2736410226000522e-54,0.0014995522334651063,1.174734580727173e-54
start-7-home,64,3.2,home,0.0014995522334651042,3.336003208716085e-51,0.0011644112492329125,-6.097175022845276e-19,3.2335701478764776e-55,0.0014995522334651042,1.6713731379689454e-55
start-7-home,65,3.25,home,0.0014995522334651156,4.745189365738416e-52,0.0011644112492329214,-6.097175022845276e-19,4.598780457119709e-56,0.0014995522334651156,2.3779736621226405e-56
start-7-home,66,3.3,home,0.0014995522334651104,6.7496404254181285e-53,0.0011644112492329173,-3.7842103882095323e-19,6.540381289292357e-57,0.0014995522334651104,3.383300865779748e-57
start-7-home,67,3.35,home,0.0014995522334651029,9.600806703668467e-54,0.0011644112492329114,-6.097175022845276e-19,9.301724187135952e-58,0.0014995522334651029,4.813646093725456e-58
start-7-home,68,3.4,home,0.0014995522334651237,1.365635553187869e-54,0.0011644112492329272,-3.784210388209533e-19,1.3228903488423734e-58,0.0014995522334651237,6.8486922599336855e-59
start-7-home,69,3.4499999999999997,home,0.0014995522334651163,1.942503918375103e-55,0.001164411249232922,-6.097175022845276e-19,1.881413423847716e-59,0.0014995522334651163,9.744085913196723e-60
start-7-home,70,3.5,home,0.0014995522334651048,2.76305157999204e-56,0.0011644112492329127,-1.47124575357379e-19,2.6757444216986817e-60,0.0014995522334651048,1.3863551962700759e-60
start-7-home,71,3.55,home,0.001499552233465106,3.930212938842431e-57,0.0011644112492329142,-3.784210388209533e-19,3.805441228122473e-61,0.001499552233465106,1.9724585353477456e-61
start-7-home,72,3.6,home,0.001499552233465108,5.590403688662614e-58,0.0011644112492329153,-6.097175022845276e-19,5.41209497561032e-62,0.001499552233465108,2.806345953124436e-62
start-7-home,73,3.65,home,0.0014995522334651176,7.951888075468019e-59,0.0011644112492329225,-6.097175022845276e-19,7.697076441113198e-63,0.0014995522334651176,3.992771812811074e-63
start-7-home,74,3.6999999999999997,home,0.0014995522334651057,1.1310904808797435e-59,0.0011644112492329133,-3.784210388209533e-19,1.0946774956341046e-63,0.0014995522334651057,5.6807768765383664e-64
start-7-home,75,3.75,home,0.0014995522334651152,1.608882901524517e-60,0.001164411249232921,-6.097175022845276e-19,1.5568493162507434e-64,0.0014995522334651152,8.082410990697802e-65
start-7-home,76,3.8,home,0.0014995522334651078,2.2885032051748482e-61,0.0011644112492329155,-6.097175022845276e-19,2.2141496497163237e-65,0.0014995522334651078,1.1499371035796509e-65
start-7-home,77,3.85,home,0.0014995522334651193,3.2552070229409243e-62,0.0011644112492329244,-6.097175022845276e-19,3.1489615726876677e-66,0.0014995522334651193,1.6360900420685973e-66
start-7-home,78,3.9,home,0.0014995522334651104,4.6302634570566037e-63,0.0011644112492329168,-6.097175022845276e-19,4.478450220171555e-67,0.0014995522334651104,2.327771108222482e-67
start-7-home,79,3.9499999999999997,home,0.0014995522334651072,6.586167801559435e-64,0.0011644112492329147,-8.410139657481018e-19,6.369247738210787e-68,0.0014995522334651072,3.311870170617779e-68
start-7-home,80,4.0,home,0.0014995522334651152,9.368280382511107e-65,0.0011644112492329207,-8.410139657481018e-19,9.058338209941634e-69,0.0014995522334651152,4.712010955549385e-69
start-7-home,81,4.05,home,0.0014995522334651104,1.3325606023152862e-65,0.0011644112492329168,-6.097175022845276e-19,1.2882760178007903e-69,0.0014995522334651104,6.704080761268264e-70
start-7-home,82,4.1,home,0.00149955223346512,1.895457529399134e-66,0.0011644112492329242,-6.097175022845276e-19,1.8321849544314562e-70,0.00149955223346512,9.538325552953399e-71
start-7-home,83,4.15,home,0.001499552233465108,2.696131972938907e-67,0.001164411249232915,-3.784210388209533e-19,2.6057317382772156e-71,0.001499552233465108,1.357078603212524e-71
start-7-home,84,4.2,home,0.0014995522334651141,3.835025318588151e-68,0.0011644112492329199,-6.097175022845276e-19,3.705869254871158e-72,0.0014995522334651141,1.930802368858937e-72
start-7-home,85,4.25,home,0.00149955223346512,5.455007151702267e-69,0.0011644112492329244,-6.097175022845276e-19,5.27048380785342e-73,0.00149955223346512,2.7470755331349786e-73
start-7-home,86,4.3,home,0.0014995522334651133,7.75929767167369e-70,0.0011644112492329194,-6.097175022845276e-19,7.495677170027078e-74,0.0014995522334651133,3.908438987782494e-74
start-7-home,87,4.35,home,0.0014995522334651122,1.1036960847846606e-70,0.001164411249232918,-6.097175022845276e-19,1.066034510030145e-74,0.0014995522334651122,5.560784064010398e-75
start-7-home,88,4.4,home,0.001499552233465111,1.5699166330794179e-71,0.001164411249232918,-6.097175022845276e-19,1.5161132887626844e-75,0.001499552233465111,7.911679450929366e-76
start-7-home,89,4.45,home,0.0014995522334651137,2.2330769029750526e-72,0.0011644112492329194,-3.784210388209533e-19,2.1562149093067023e-76,0.0014995522334651137,1.1256446030251192e-76
start-7-home,90,4.5,home,0.0014995522334651046,3.1763676806545405e-73,0.0011644112492329125,-6.097175022845276e-19,3.066566838756045e-77,0.0014995522334651046,1.6015255144703117e-77
start-7-home,91,4.55,home,0.0014995522334651135,4.518120996789436e-74,0.00116441124923292,-6.097175022845276e-19,4.36126850620067e-78,0.0014995522334651135,2.278591057745816e-78
start-7-home,92,4.6,home,0.001499552233465105,6.426654403423944e-75,0.0011644112492329127,-6.097175022845276e-19,6.202592013578976e-79,0.001499552233465105,3.24189447009731e-79
start-7-home,93,4.65,home,0.0014995522334651252,9.141385733291672e-76,0.0011644112492329287,-3.784210388209533e-19,8.821320593360207e-80,0.0014995522334651252,4.612446234847948e-80
start-7-home,94,4.7,home,0.0014995522334651135,1.3002867103121383e-76,0.0011644112492329199,-6.097175022845276e-19,1.2545673944128562e-80,0.0014995522334651135,6.562415409274748e-81
start-7-home,95,4.75,home,0.0014995522334651193,1.8495505805741146e-77,0.0011644112492329242,-6.097175022845276e-19,1.7842445815975892e-81,0.0014995522334651193,9.33675747686217e-82
start-7-home,96,4.8,home,0.0014995522334651083,2.630833125491772e-78,0.0011644112492329155,-6.097175022845276e-19,2.5375509846168706e-82,0.0014995522334651083,1.328398560315172e-82
start-7-home,97,4.85,home,0.0014995522334651143,3.742143095153766e-79,0.0011644112492329207,-6.097175022845276e-19,3.6089026504231005e-83,0.0014995522334651143,1.8899950761698444e-83
start-7-home,98,4.9,home,0.0014995522334651141,5.322889851513094e-80,0.00116441124923292,-1.4712457535737895e-19,5.132577993185386e-84,0.0014995522334651141,2.689013036007036e-84
start-7-home,99,4.95,home,0.0014995522334651094,7.5713717116352925e-81,0.001164411249232916,-6.097175022845276e-19,7.299547648658889e-85,0.0014995522334651094,3.825825001680113e-85
start-7-home,100,5.0,home,0.0014995522334651135,1.076965167330207e-81,0.0011644112492329194,-6.097175022845276e-19,1.0381409877409607e-85,0.0014995522334651135,5.443237108520837e-86
start-7-hold,1,0.05,home,0.4783828463761572,0.4783828463761572,0.27907796080516345,0.1746920334359217,0.07467625538119775,0.0823651205009905,0.037625230853720715
start-7-hold,2,0.1,home,0.24978900968962559,0.24978900968962559,0.08906835462622598,0.024849881453138448,0.010635624236848358,0.011013051305547689,0.00533964241815643
start-7-hold,3,0.15,home,0.05848837309320179,-0.025292397081854184,-0.05848837309320179,0.0035316377029749515,0.001512829538078516,0.0015648830606039873,0.000759530137213303
start-7-hold,4,0.2,home,0.16796823857096072,-0.16796823857096072,-0.011239812950629986,0.0005023463524395115,0.0002151003863181004,0.0032175136490630567,0.00010811777655367904
start-7-hold,5,0.25,hold,0.009440204545588082,-0.1774084431165488,-0.009859485699055945,0.0005023463524395113,0.00021500587155246493,0.004995100246624874,0.00010820236607572318
start-7-hold,6,0.3,hold,0.0015215663039641926,-0.16931107024543218,-0.010058291874626342,0.0005023463524395113,0.0002150454368633224,0.004739079953027249,0.00010816468049101739
start-7-hold,7,0.35,hold,0.0015011619754750705,-0.1681592862139531,-0.01007413700341089,0.000502346352439511,0.00021505116419806529,0.004718675624538127,0.00010815924474543824
start-7-hold,8,0.4,hold,0.0014996010590508178,-0.16799545447268205,-0.010075349239589842,0.0005023463524395113,0.00021505198424673542,0.0047171147081138745,0.00010815846769457497
start-7-hold,9,0.45,hold,0.001499481843093873,-0.16797215076126612,-0.01007544183844442,0.000502346352439511,0.00021505210127499048,0.00471699549215693,0.00010815835689429305
start-7-hold,10,0.5,hold,0.0014994727402768068,-0.1679688360006651,-0.010075448910824462,0.0005023463524395108,0.00021505211794680692,0.004716986389339864,0.00010815834111630244
start-7-hold,11,0.55,hold,0.001499472045374135,-0.16796836450331296,-0.010075449450999623,0.0005023463524395108,0.00021505212031965414,0.004716985694437192,0.00010815833887111699
start-7-hold,12,0.6,hold,0.0014994719923438898,-0.16796829743670275,-0.010075449492261197,0.0005023463524395108,0.00021505212065720528,0.004716985641406947,0.00010815833855175258
start-7-hold,13,0.65,hold,0.0014994719882994991,-0.1679682878970304,-0.010075449495413603,0.000502346352439511,0.00021505212070521096,0.004716985637362556,0.00010815833850633421
start-7-hold,14,0.7,hold,0.001499471987991407,-0.16796828654009063,-0.010075449495654538,0.0005023463524395108,0.00021505212071203724,0.004716985637054464,0.00010815833849987576
start-7-hold,15,0.75,hold,0.0014994719879679883,-0.16796828634707714,-0.010075449495672966,0.0005023463524395108,0.00021505212071300787,0.004716985637031045,0.00010815833849895742
start-7-hold,16,0.8,hold,0.0014994719879662163,-0.16796828631962255,-0.010075449495674378,0.0005023463524395115,0.00021505212071314583,0.004716985637029273,0.00010815833849882685
start-7-hold,17,0.85,hold,0.0014994719879660896,-0.16796828631571736,-0.010075449495674483,0.0005023463524395121,0.00021505212071316546,0.004716985637029146,0.00010815833849880829
start-7-hold,18,0.9,hold,0.00149947198796608,-0.16796828631516186,-0.010075449495674488,0.0005023463524395121,0.00021505212071316825,0.004716985637029137,0.00010815833849880564
start-7-hold,19,0.95,hold,0.001499471987966081,-0.16796828631508287,-0.010075449495674488,0.0005023463524395121,0.00021505212071316863,0.004716985637029138,0.00010815833849880527
start-7-hold,20,1.0,hold,0.001499471987966067,-0.16796828631507166,-0.0100754494956745,0.0005023463524395123,0.00021505212071316863,0.004716985637029124,0.00010815833849880524
start-7-hold,21,1.05,hold,0.0014994719879660627,-0.16796828631507005,-0.010075449495674502,0.0005023463524395119,0.00021505212071316863,0.0047169856370291195,0.00010815833849880524
start-7-hold,22,1.1,hold,0.0014994719879660775,-0.16796828631506985,-0.010075449495674491,0.0005023463524395119,0.00021505212071316863,0.004716985637029134,0.00010815833849880524
start-7-hold,23,1.15,hold,0.00149947198796608,-0.16796828631506985,-0.010075449495674488,0.0005023463524395115,0.00021505212071316863,0.004716985637029137,0.00010815833849880524
start-7-hold,24,1.2,hold,0.0014994719879660792,-0.16796828631506985,-0.010075449495674491,0.0005023463524395115,0.00021505212071316863,0.004716985637029136,0.00010815833849880524
start-7-hold,25,1.25,hold,0.00149947198796608,-0.16796828631506985,-0.010075449495674488,0.0005023463524395119,0.00021505212071316863,0.004716985637029137,0.00010815833849880524
start-7-hold,26,1.3,hold,0.0014994719879660645,-0.16796828631506985,-0.010075449495674503,0.0005023463524395117,0.00021505212071316863,0.004716985637029121,0.00010815833849880524
start-7-hold,27,1.35,hold,0.0014994719879660653,-0.16796828631506985,-0.010075449495674502,0.0005023463524395117,0.00021505212071316863,0.004716985637029122,0.00010815833849880524
start-7-hold,28,1.4,hold,0.0014994719879660775,-0.16796828631506985,-0.010075449495674491,0.0005023463524395115,0.00021505212071316863,0.004716985637029134,0.00010815833849880524
start-7-hold,29,1.45,hold,0.001499471987966081,-0.16796828631506985,-0.010075449495674488,0.0005023463524395121,0.00021505212071316863,0.004716985637029138,0.00010815833849880524
start-7-hold,30,1.5,hold,0.0014994719879660567,-0.16796828631506985,-0.010075449495674507,0.0005023463524395119,0.00021505212071316863,0.004716985637029113,0.00010815833849880524
start-7-hold,31,1.55,hold,0.001499471987966074,-0.16796828631506985,-0.010075449495674495,0.0005023463524395121,0.00021505212071316863,0.004716985637029131,0.00010815833849880524
start-7-hold,32,1.6,hold,0.0014994719879660558,-0.16796828631506985,-0.010075449495674509,0.0005023463524395117,0.00021505212071316863,0.0047169856370291125,0.00010815833849880524
start-7-hold,33,1.65,hold,0.0014994719879660723,-0.16796828631506985,-0.010075449495674495,0.0005023463524395121,0.00021505212071316863,0.004716985637029129,0.00010815833849880524
start-7-hold,34,1.7,hold,0.0014994719879660758,-0.16796828631506985,-0.010075449495674493,0.0005023463524395121,0.00021505212071316863,0.0047169856370291325,0.00010815833849880524
start-7-hold,35,1.75,hold,0.0014994719879660619,-0.16796828631506985,-0.010075449495674502,0.0005023463524395121,0.00021505212071316863,0.004716985637029119,0.00010815833849880524
start-7-hold,36,1.8,hold,0.0014994719879660714,-0.16796828631506985,-0.010075449495674496,0.0005023463524395121,0.00021505212071316863,0.004716985637029128,0.00010815833849880524
start-7-hold,37,1.8499999999999999,hold,0.0014994719879660784,-0.16796828631506985,-0.010075449495674488,0.0005023463524395121,0.00021505212071316863,0.004716985637029135,0.00010815833849880524
start-7-hold,38,1.9,hold,0.0014994719879660732,-0.16796828631506985,-0.010075449495674495,0.0005023463524395121,0.00021505212071316863,0.00471698563702913,0.00010815833849880524
start-7-hold,39,1.95,hold,0.00149947198796608,-0.16796828631506985,-0.010075449495674491,0.0005023463524395115,0.00021505212071316863,0.004716985637029137,0.00010815833849880524
start-7-hold,40,2.0,hold,0.0014994719879660775,-0.16796828631506985,-0.010075449495674493,0.0005023463524395119,0.00021505212071316863,0.004716985637029134,0.00010815833849880524
start-7-hold,41,2.05,hold,0.0014994719879660784,-0.16796828631506985,-0.01007544949567449,0.0005023463524395119,0.00021505212071316863,0.004716985637029135,0.00010815833849880524
start-7-hold,42,2.1,hold,0.0014994719879660775,-0.16796828631506985,-0.010075449495674491,0.000502346352439511,0.00021505212071316863,0.004716985637029134,0.00010815833849880524
start-7-hold,43,2.15,hold,0.0014994719879660636,-0.16796828631506985,-0.010075449495674502,0.0005023463524395113,0.00021505212071316863,0.00471698563702912,0.00010815833849880524
start-7-hold,44,2.2,hold,0.0014994719879660766,-0.16796828631506985,-0.010075449495674491,0.0005023463524395121,0.00021505212071316863,0.004716985637029133,0.00010815833849880524
start-7-hold,45,2.25,hold,0.001499471987966074,-0.16796828631506985,-0.010075449495674495,0.0005023463524395119,0.00021505212071316863,0.004716985637029131,0.00010815833849880524
start-7-hold,46,2.3,hold,0.0014994719879660567,-0.16796828631506985,-0.010075449495674509,0.0005023463524395121,0.00021505212071316863,0.004716985637029113,0.00010815833849880524
start-7-hold,47,2.35,hold,0.0014994719879660749,-0.16796828631506985,-0.010075449495674493,0.0005023463524395115,0.00021505212071316863,0.004716985637029132,0.00010815833849880524
start-7-hold,48,2.4,hold,0.0014994719879660723,-0.16796828631506985,-0.010075449495674495,0.0005023463524395121,0.00021505212071316863,0.004716985637029129,0.00010815833849880524
start-7-hold,49,2.45,hold,0.00149947198796608,-0.16796828631506985,-0.01007544949567449,0.0005023463524395121,0.00021505212071316863,0.004716985637029137,0.00010815833849880524
start-7-hold,50,2.5,hold,0.0014994719879660558,-0.16796828631506985,-0.010075449495674507,0.0005023463524395119,0.00021505212071316863,0.0047169856370291125,0.00010815833849880524
start-7-hold,51,2.55,hold,0.0014994719879660818,-0.16796828631506985,-0.010075449495674488,0.000502346352439511,0.00021505212071316863,0.004716985637029139,0.00010815833849880524
start-7-hold,52,2.6,hold,0.001499471987966081,-0.16796828631506985,-0.01007544949567449,0.0005023463524395108,0.00021505212071316863,0.004716985637029138,0.00010815833849880524
start-7-hold,53,2.65,hold,0.0014994719879660645,-0.16796828631506985,-0.010075449495674503,0.000502346352439511,0.00021505212071316863,0.004716985637029121,0.00010815833849880524
start-7-hold,54,2.7,hold,0.0014994719879660653,-0.16796828631506985,-0.010075449495674502,0.0005023463524395108,0.00021505212071316863,0.004716985637029122,0.00010815833849880524
start-7-hold,55,2.75,hold,0.0014994719879660784,-0.16796828631506985,-0.010075449495674491,0.0005023463524395115,0.00021505212071316863,0.004716985637029135,0.00010815833849880524
start-7-hold,56,2.8,hold,0.0014994719879660705,-0.16796828631506985,-0.010075449495674495,0.0005023463524395117,0.00021505212071316863,0.004716985637029127,0.00010815833849880524
start-7-hold,57,2.85,hold,0.0014994719879660749,-0.16796828631506985,-0.010075449495674495,0.0005023463524395115,0.00021505212071316863,0.004716985637029132,0.00010815833849880524
start-7-hold,58,2.9,hold,0.0014994719879660836,-0.16796828631506985,-0.010075449495674486,0.000502346352439511,0.00021505212071316863,0.00471698563702914,0.00010815833849880524
start-7-hold,59,2.95,hold,0.0014994719879660688,-0.16796828631506985,-0.010075449495674498,0.0005023463524395115,0.00021505212071316863,0.0047169856370291256,0.00010815833849880524
start-7-hold,60,3.0,hold,0.0014994719879660749,-0.16796828631506985,-0.010075449495674493,0.0005023463524395119,0.00021505212071316863,0.004716985637029132,0.00010815833849880524
start-7-hold,61,3.05,hold,0.0014994719879660766,-0.16796828631506985,-0.010075449495674491,0.0005023463524395119,0.00021505212071316863,0.004716985637029133,0.00010815833849880524
start-7-hold,62,3.1,hold,0.0014994719879660775,-0.16796828631506985,-0.010075449495674491,0.0005023463524395113,0.00021505212071316863,0.004716985637029134,0.00010815833849880524
start-7-hold,63,3.15,hold,0.0014994719879660758,-0.16796828631506985,-0.010075449495674493,0.0005023463524395108,0.00021505212071316863,0.0047169856370291325,0.00010815833849880524
start-7-hold,64,3.2,hold,0.0014994719879660732,-0.16796828631506985,-0.010075449495674496,0.0005023463524395123,0.00021505212071316863,0.00471698563702913,0.00010815833849880524
start-7-hold,65,3.25,hold,0.0014994719879660844,-0.16796828631506985,-0.010075449495674488,0.0005023463524395117,0.00021505212071316863,0.004716985637029141,0.00010815833849880524
start-7-hold,66,3.3,hold,0.0014994719879660584,-0.16796828631506985,-0.010075449495674507,0.0005023463524395117,0.00021505212071316863,0.004716985637029115,0.00010815833849880524
start-7-hold,67,3.35,hold,0.0014994719879660645,-0.16796828631506985,-0.010075449495674502,0.0005023463524395115,0.00021505212071316863,0.004716985637029121,0.00010815833849880524
start-7-hold,68,3.4,hold,0.0014994719879660766,-0.16796828631506985,-0.010075449495674491,0.0005023463524395117,0.00021505212071316863,0.004716985637029133,0.00010815833849880524
start-7-hold,69,3.4499999999999997,hold,0.0014994719879660784,-0.16796828631506985,-0.01007544949567449,0.0005023463524395115,0.00021505212071316863,0.004716985637029135,0.00010815833849880524
start-7-hold,70,3.5,hold,0.0014994719879660775,-0.16796828631506985,-0.010075449495674493,0.0005023463524395113,0.00021505212071316863,0.004716985637029134,0.00010815833849880524
start-7-hold,71,3.55,hold,0.0014994719879660766,-0.16796828631506985,-0.010075449495674491,0.0005023463524395108,0.00021505212071316863,0.004716985637029133,0.00010815833849880524
start-7-hold,72,3.6,hold,0.0014994719879660784,-0.16796828631506985,-0.01007544949567449,0.000502346352439511,0.00021505212071316863,0.004716985637029135,0.00010815833849880524
start-7-hold,73,3.65,hold,0.0014994719879660688,-0.16796828631506985,-0.010075449495674498,0.0005023463524395108,0.00021505212071316863,0.0047169856370291256,0.00010815833849880524
start-7-hold,74,3.6999999999999997,hold,0.0014994719879660775,-0.16796828631506985,-0.010075449495674493,0.0005023463524395106,0.00021505212071316863,0.004716985637029134,0.00010815833849880524
start-7-hold,75,3.75,hold,0.0014994719879660836,-0.16796828631506985,-0.010075449495674486,0.0005023463524395108,0.00021505212071316863,0.00471698563702914,0.00010815833849880524
start-7-hold,76,3.8,hold,0.001499471987966061,-0.16796828631506985,-0.010075449495674503,0.0005023463524395117,0.00021505212071316863,0.004716985637029118,0.00010815833849880524
start-7-hold,77,3.85,hold,0.0014994719879660766,-0.16796828631506985,-0.010075449495674491,0.0005023463524395121,0.00021505212071316863,0.004716985637029133,0.00010815833849880524
start-7-hold,78,3.9,hold,0.0014994719879660714,-0.16796828631506985,-0.010075449495674495,0.0005023463524395121,0.00021505212071316863,0.004716985637029128,0.00010815833849880524
start-7-hold,79,3.9499999999999997,hold,0.0014994719879660627,-0.16796828631506985,-0.010075449495674503,0.0005023463524395121,0.00021505212071316863,0.0047169856370291195,0.00010815833849880524
start-7-hold,80,4.0,hold,0.0014994719879660749,-0.16796828631506985,-0.010075449495674495,0.0005023463524395121,0.00021505212071316863,0.004716985637029132,0.00010815833849880524
start-7-hold,81,4.05,hold,0.0014994719879660784,-0.16796828631506985,-0.010075449495674491,0.0005023463524395119,0.00021505212071316863,0.004716985637029135,0.00010815833849880524
start-7-hold,82,4.1,hold,0.0014994719879660723,-0.16796828631506985,-0.010075449495674495,0.0005023463524395117,0.00021505212071316863,0.004716985637029129,0.00010815833849880524
start-7-hold,83,4.15,hold,0.0014994719879660766,-0.16796828631506985,-0.010075449495674493,0.0005023463524395119,0.00021505212071316863,0.004716985637029133,0.00010815833849880524
start-7-hold,84,4.2,hold,0.0014994719879660827,-0.16796828631506985,-0.010075449495674488,0.0005023463524395113,0.00021505212071316863,0.0047169856370291394,0.00010815833849880524
start-7-hold,85,4.25,hold,0.0014994719879660784,-0.16796828631506985,-0.01007544949567449,0.000502346352439511,0.00021505212071316863,0.004716985637029135,0.00010815833849880524
start-7-hold,86,4.3,hold,0.0014994719879660697,-0.16796828631506985,-0.010075449495674496,0.0005023463524395113,0.00021505212071316863,0.004716985637029126,0.00010815833849880524
start-7-hold,87,4.35,hold,0.0014994719879660636,-0.16796828631506985,-0.010075449495674502,0.0005023463524395115,0.00021505212071316863,0.00471698563702912,0.00010815833849880524
start-7-hold,88,4.4,hold,0.0014994719879660792,-0.16796828631506985,-0.01007544949567449,0.000502346352439511,0.00021505212071316863,0.004716985637029136,0.00010815833849880524
start-7-hold,89,4.45,hold,0.0014994719879660723,-0.16796828631506985,-0.010075449495674496,0.0005023463524395115,0.00021505212071316863,0.004716985637029129,0.00010815833849880524
start-7-hold,90,4.5,hold,0.0014994719879660836,-0.16796828631506985,-0.010075449495674488,0.0005023463524395108,0.00021505212071316863,0.00471698563702914,0.00010815833849880524
start-7-hold,91,4.55,hold,0.0014994719879660653,-0.16796828631506985,-0.0100754494956745,0.0005023463524395117,0.00021505212071316863,0.004716985637029122,0.00010815833849880524
start-7-hold,92,4.6,hold,0.0014994719879660784,-0.16796828631506985,-0.010075449495674488,0.0005023463524395121,0.00021505212071316863,0.004716985637029135,0.00010815833849880524
start-7-hold,93,4.65,hold,0.0014994719879660732,-0.16796828631506985,-0.010075449495674495,0.0005023463524395121,0.00021505212071316863,0.00471698563702913,0.00010815833849880524
start-7-hold,94,4.7,hold,0.00149947198796608,-0.16796828631506985,-0.010075449495674491,0.0005023463524395115,0.00021505212071316863,0.004716985637029137,0.00010815833849880524
start-7-hold,95,4.75,hold,0.0014994719879660775,-0.16796828631506985,-0.010075449495674493,0.0005023463524395119,0.00021505212071316863,0.004716985637029134,0.00010815833849880524
start-7-hold,96,4.8,hold,0.0014994719879660784,-0.16796828631506985,-0.01007544949567449,0.0005023463524395119,0.00021505212071316863,0.004716985637029135,0.00010815833849880524
start-7-hold,97,4.85,hold,0.0014994719879660775,-0.16796828631506985,-0.010075449495674491,0.000502346352439511,0.00021505212071316863,0.004716985637029134,0.00010815833849880524
start-7-hold,98,4.9,hold,0.0014994719879660636,-0.16796828631506985,-0.010075449495674502,0.0005023463524395113,0.00021505212071316863,0.00471698563702912,0.00010815833849880524
start-7-hold,99,4.95,hold,0.0014994719879660766,-0.16796828631506985,-0.010075449495674491,0.0005023463524395121,0.00021505212071316863,0.004716985637029133,0.00010815833849880524
start-7-hold,100,5.0,hold,0.001499471987966074,-0.16796828631506985,-0.010075449495674495,0.0005023463524395119,0.00021505212071316863,0.004716985637029131,0.00010815833849880524
start-8-home,1,0.05,home,0.10966436521267577,0.010898548260434307,-0.03092270990915756,0.08289883460716814,-0.01229959353818246,-0.10966436521267577,0.0077747896050631244
start-8-home,2,0.1,home,0.014455955935550532,0.0015508333132555822,-0.0035077539466380537,0.011791675899064508,-0.0017566272805696862,-0.014455955935550532,0.0011121663391682078
start-8-home,3,0.15,home,0.0016772686994631883,0.00022070928833985335,0.0004926463272578204,0.0016772686994631883,-0.0002500189197690211,-0.000779324407828121,0.00015832443336779767
start-8-home,4,0.2,home,0.0011747623026206661,3.141080369786434e-05,0.001068360343993051,0.00023857764700114595,-3.556159670164728e-05,0.0011747623026206661,2.2519104336062745e-05
start-8-home,5,0.25,home,0.001453306668389256,4.470308387683159e-06,0.0011507118800342935,3.393570372285635e-05,-5.057646645030104e-06,0.001453306668389256,3.2025819114932846e-06
start-8-home,6,0.3,home,0.0014929706735506295,6.362030841935978e-07,0.0011624598229952713,4.827074127191709e-06,-7.192996483268912e-07,0.0014929706735506295,4.5545101019778805e-07
start-8-home,7,0.35,home,0.0014986157987117424,9.05427952492785e-08,0.0011641334601104308,6.866115056779951e-07,-1.0229876172837675e-07,0.0014986157987117424,6.477120726731574e-08
start-8-home,8,0.4,home,0.0014994190140800317,1.2885814274468785e-08,0.0011643717194551168,9.76648270374463e-08,-1.4548921039672063e-08,0.0014994190140800317,9.211326025825502e-09
start-8-home,9,0.45,home,0.0014995332827406247,1.8338747839036913e-09,0.00116440562515894,1.3892016607879775e-08,-2.0691462105856227e-09,0.0014995332827406247,1.3099728351868627e-09
start-8-home,10,0.5,home,0.0014995495377915257,2.6099208235226034e-10,0.001164410449152894,1.976024852293481e-09,-2.9427378191105863e-10,0.0014995495377915257,1.8629552309832492e-10
start-8-home,11,0.55,home,0.0014995518500230919,3.714367137441364e-11,0.0011644111354198689,2.810732468358524e-10,-4.1851589901666194e-11,0.0014995518500230919,2.6493695620238655e-11
start-8-home,12,0.6,home,0.0014995521789235868,5.28618267017283e-12,0.0011644112330432453,3.9980352807373175e-11,-5.952129223766044e-12,0.0014995521789235868,3.767755066141886e-12
start-8-home,13,0.65,home,0.0014995522257070773,7.523143530458927e-13,0.0011644112469300133,5.686875721539314e-12,-8.465112646636781e-13,0.0014995522257070773,5.358247603088117e-13
start-8-home,14,0.7,home,0.001499552232361616,1.0706718180876224e-13,0.001164411248905351,8.089112540007197e-13,-1.2039075333574129e-13,0.001499552232361616,7.620138943055715e-14
start-8-home,15,0.75,home,0.001499552233308158,1.5237483149826e-14,0.0011644112491863297,1.150614153052491e-13,-1.7121961743180243e-14,0.001499552233308158,1.083684840073411e-14
start-8-home,16,0.8,home,0.001499552233442799,2.1685525388492906e-15,0.0011644112492263004,1.6366983048878514e-14,-2.4350838067883522e-15,0.001499552233442799,1.5411435807041544e-15
start-8-home,17,0.85,home,0.0014995522334619452,3.0862173051942296e-16,0.0011644112492319822,2.328444198956873e-15,-3.4631739254087596e-16,0.0014995522334619452,2.191710565920149e-16
start-8-home,18,0.9,home,0.0014995522334646698,4.392208007295651e-17,0.0011644112492327921,3.314305334123725e-16,-4.925322735996307e-17,0.0014995522334646698,3.1169030711612156e-17
start-8-home,19,0.95,home,0.0014995522334650567,6.250850907072763e-18,0.0011644112492329062,4.7398476279103286e-17,-7.004789414628912e-18,0.0014995522334650567,4.432649463441037e-18
start-8-home,20,1.0,home,0.0014995522334651042,8.89600924244542e-19,0.0011644112492329166,6.921595172977792e-18,-9.96220499109524e-19,0.0014995522334651042,6.303815240040436e-19
start-8-home,21,1.05,home,0.0014995522334651185,1.2660508661350757e-19,0.0011644112492329238,9.07887122924862e-19,-1.4168238673576254e-19,0.0014995522334651185,8.964860978976166e-20
start-8-home,22,1.1,home,0.0014995522334651135,1.8018014343298602e-20,0.0011644112492329196,-1.729873092943498e-20,-2.0150055865227952e-20,0.0014995522334651135,1.2749220679687656e-20
start-8-home,23,1.15,home,0.0014995522334651124,2.5642628852372075e-21,0.0011644112492329188,-7.111881213201578e-19,-2.8657390712159782e-21,0.0014995522334651124,1.813108165280382e-21
start-8-home,24,1.2,home,0.00149955223346512,3.649370940017709e-22,0.0011644112492329248,-7.111881213201578e-19,-4.075651441972275e-22,0.00149955223346512,2.578480105394678e-22
start-8-home,25,1.25,home,0.0014995522334651055,5.1936576314349546e-23,0.0011644112492329131,-7.111881213201578e-19,-5.796387690454459e-23,0.0014995522334651055,3.6669404059187843e-23
start-8-home,26,1.3,home,0.001499552233465112,7.39143003462339e-24,0.001164411249232918,-9.42484584783732e-19,-8.243617182776866e-24,0.001499552233465112,5.21487514536148e-24
start-8-home,27,1.35,home,0.0014995522334651048,1.0519218318730094e-24,0.001164411249232913,-7.111881213201578e-19,-1.1724064690856778e-24,0.0014995522334651048,7.416243384447052e-25
start-8-home,28,1.4,home,0.0014995522334651096,1.4970569179998975e-25,0.0011644112492329164,-2.4859519439300925e-19,-1.6673953900063721e-25,0.0014995522334651096,1.0546880584497554e-25
start-8-home,29,1.45,home,0.00149955223346511,2.1305562366827204e-26,0.0011644112492329168,-9.42484584783732e-19,-2.3713681730046205e-26,0.00149955223346511,1.4999061283877753e-26
start-8-home,30,1.5,home,0.001499552233465107,3.032128045461676e-27,0.0011644112492329136,-7.111881213201578e-19,-3.37255761029649e-27,0.001499552233465107,2.1330651796311035e-27
start-8-home,31,1.55,home,0.0014995522334651091,4.315209834360281e-28,0.0011644112492329155,-7.111881213201578e-19,-4.796448296915979e-28,0.0014995522334651091,3.03350118497999e-28
start-8-home,32,1.6,home,0.0014995522334651187,6.141241083085154e-29,0.0011644112492329233,-9.42484584783732e-19,-6.821504307220919e-29,0.0014995522334651187,4.314040396281781e-29
start-8-home,33,1.65,home,0.0014995522334651094,8.739975609923105e-30,0.0011644112492329162,-4.798916578565834e-19,-9.701537081793064e-30,0.0014995522334651094,6.135136672445454e-30
start-8-home,34,1.7,home,0.00149955223346512,1.2438389187015722e-30,0.0011644112492329246,-7.111881213201578e-19,-1.3797517015385467e-30,0.00149955223346512,8.724976629394575e-31
start-8-home,35,1.75,home,0.0014995522334651222,1.770181953526804e-31,0.0011644112492329268,-7.111881213201578e-19,-1.9622815867716756e-31,0.0014995522334651222,1.2408071821730181e-31
start-8-home,36,1.8,home,0.001499552233465114,2.5192514861715716e-32,0.0011644112492329199,-7.111881213201578e-19,-2.7907550478027737e-32,0.001499552233465114,1.7645920605310633e-32
start-8-home,37,1.8499999999999999,home,0.0014995522334651091,3.585295740018125e-33,0.001164411249232916,-7.111881213201578e-19,-3.9690092336084706e-33,0.0014995522334651091,2.5094834681317337e-33
start-8-home,38,1.9,home,0.0014995522334651133,5.102444553703579e-34,0.0011644112492329196,-7.111881213201578e-19,-5.64472124089573e-34,0.0014995522334651133,3.5688176085779534e-34
start-8-home,39,1.95,home,0.0014995522334651068,7.261585423078389e-35,0.0011644112492329138,-2.4859519439300925e-19,-8.027917299262851e-35,0.0014995522334651068,5.075330905815866e-35
start-8-home,40,2.0,home,0.0014995522334651059,1.0334380670057258e-35,0.0011644112492329138,-7.111881213201578e-19,-1.1417296517122068e-35,0.0014995522334651059,7.217792105474294e-36
start-8-home,41,2.05,home,0.0014995522334651124,1.4707447506986456e-36,0.0011644112492329186,-7.111881213201578e-19,-1.6237668488669823e-36,0.0014995522334651124,1.0264655320831577e-36
start-8-home,42,2.1,home,0.0014995522334651122,2.0931001421899607e-37,0.0011644112492329181,-7.111881213201578e-19,-2.309319702370325e-37,0.0014995522334651122,1.4597697789513138e-37
start-8-home,43,2.15,home,0.0014995522334651156,2.9788083026322615e-38,0.001164411249232921,-9.42484584783732e-19,-3.2843123330649036e-38,0.0014995522334651156,2.0759857207699577e-38
start-8-home,44,2.2,home,0.0014995522334651178,4.239307822985925e-39,0.0011644112492329229,-7.111881213201578e-19,-4.6709459457045167e-39,0.0014995522334651178,2.952326273894471e-39
start-8-home,45,2.25,home,0.001499552233465109,6.033192715872408e-40,0.001164411249232916,-7.111881213201578e-19,-6.643014980044015e-40,0.001499552233465109,4.198598409506969e-40
start-8-home,46,2.3,home,0.0014995522334651137,8.586166231297638e-41,0.0011644112492329199,-9.42484584783732e-19,-9.447689726675508e-41,0.0014995522334651137,5.97096215076772e-41
start-8-home,47,2.35,home,0.001499552233465102,1.2219438096254093e-41,0.00116441124923291,-4.798916578565835e-19,-1.3436495543012995e-41,0.001499552233465102,8.49149768384845e-42
start-8-home,48,2.4,home,0.0014995522334651107,1.7390137985106747e-42,0.0011644112492329177,-9.42484584783732e-19,-1.9109371465455287e-42,0.0014995522334651107,1.2076032373691915e-42
start-8-home,49,2.45,home,0.0014995522334651107,2.4748829843266473e-43,0.001164411249232918,-7.111881213201578e-19,-2.7177330326630057e-43,0.0014995522334651107,1.7173714454652194e-43
start-8-home,50,2.5,home,0.0014995522334651113,3.522136321709871e-44,0.0011644112492329175,-7.111881213201578e-19,-3.8651573915864974e-44,0.0014995522334651113,2.442329204329309e-44
start-8-home,51,2.55,home,0.0014995522334651035,5.012535967840683e-45,0.0011644112492329112,-7.111881213201578e-19,-5.497023247753342e-45,0.0014995522334651035,3.473314932405418e-45
start-8-home,52,2.6,home,0.001499552233465109,7.13359900021332e-46,0.001164411249232916,-7.111881213201578e-19,-7.817861350773527e-46,0.001499552233465109,4.9395128569872926e-46
start-8-home,53,2.65,home,0.0014995522334651055,1.0152189919720357e-46,0.0011644112492329127,-7.111881213201578e-19,-1.111855514253066e-46,0.0014995522334651055,7.024640007823875e-47
start-8-home,54,2.7,home,0.0014995522334651154,1.44480962018964e-47,0.0011644112492329214,-7.111881213201578e-19,-1.5812798783552654e-47,0.0014995522334651154,9.989966258238539e-48
start-8-home,55,2.75,home,0.001499552233465113,2.056181115634366e-48,0.0011644112492329188,-4.798916578565835e-19,-2.2488947724210547e-48,0.001499552233465113,1.4207051861266337e-48
start-8-home,56,2.8,home,0.0014995522334651228,2.9262535814880975e-49,0.0011644112492329268,-4.798916578565834e-19,-3.1983760538856835e-49,0.0014995522334651228,2.020430454556138e-49
start-8-home,57,2.85,home,0.0014995522334651228,4.16449553756559e-50,0.0011644112492329268,-7.111881213201578e-19,-4.548727449375783e-50,0.0014995522334651228,2.873318984807704e-50
start-8-home,58,2.9,home,0.001499552233465114,5.926696592250014e-51,0.0011644112492329199,-7.111881213201578e-19,-6.469195948227372e-51,0.001499552233465114,4.086239094140525e-51
start-8-home,59,2.95,home,0.0014995522334651195,8.434567917572662e-52,0.0011644112492329246,-7.111881213201578e-19,-9.200484461275987e-52,0.0014995522334651195,5.8111716328264325e-52
start-8-home,60,3.0,home,0.0014995522334651176,1.200363650933979e-52,0.0011644112492329227,-7.111881213201578e-19,-1.3084920444460425e-52,0.0014995522334651176,8.264253424414821e-53
start-8-home,61,3.05,home,0.0014995522334651044,1.708294266805631e-53,0.0011644112492329127,-9.42484584783732e-19,-1.8609361687255445e-53,0.0014995522334651044,1.175285954917196e-53
start-8-home,62,3.1,home,0.001499552233465109,2.4311535114895363e-54,0.0011644112492329162,-7.111881213201578e-19,-2.646621688507876e-54,0.001499552233465109,1.671411792228336e-54
start-8-home,63,3.15,home,0.0014995522334651137,3.459887148513253e-55,0.0011644112492329196,-7.111881213201578e-19,-3.76402290406197e-55,0.0014995522334651137,2.37696821021861e-55
start-8-home,64,3.2,home,0.0014995522334651102,4.923923949643174e-56,0.0011644112492329168,-7.111881213201578e-19,-5.3531898736501065e-56,0.0014995522334651102,3.3803625445045983e-56
start-8-home,65,3.25,home,0.0014995522334651159,7.007459424992692e-57,0.0011644112492329216,-7.111881213201578e-19,-7.61330165988763e-57,0.0014995522334651159,4.807321686062654e-57
start-8-home,66,3.3,home,0.0014995522334651085,9.972629837174476e-58,0.0011644112492329153,-2.4859519439300925e-19,-1.082763054039137e-57,0.0014995522334651085,6.836645853837531e-58
start-8-home,67,3.35,home,0.001499552233465105,1.4192492037522552e-58,0.001164411249232913,-4.798916578565835e-19,-1.5399046084947368e-58,0.001499552233465105,9.722612535667822e-59
start-8-home,68,3.4,home,0.001499552233465113,2.0197958331420415e-59,0.0011644112492329192,-7.111881213201578e-19,-2.190050902104032e-59,0.001499552233465113,1.382683784471711e-59
start-8-home,69,3.4499999999999997,home,0.0014995522334651154,2.874459125655308e-60,0.0011644112492329205,-7.111881213201578e-19,-3.114688356245073e-60,0.0014995522334651154,1.9663587566640137e-60
start-8-home,70,3.5,home,0.0014995522334651141,4.090766172106073e-61,0.0011644112492329199,-7.111881213201578e-19,-4.4297068836200996e-61,0.0014995522334651141,2.796421543860603e-61
start-8-home,71,3.55,home,0.0014995522334651182,5.821742973735058e-62,0.0011644112492329233,-7.111881213201578e-19,-6.299925010297676e-62,0.0014995522334651182,3.976880287125716e-62
start-8-home,72,3.6,home,0.001499552233465106,8.285166734756069e-63,0.0011644112492329138,-7.111881213201578e-19,-8.959747490772796e-63,0.001499552233465106,5.65564827048381e-63
start-8-home,73,3.65,home,0.0014995522334651141,1.179096448997761e-63,0.00116441124923292,-9.42484584783732e-19,-1.2742544548893966e-63,0.0014995522334651141,8.043077675591499e-64
start-8-home,74,3.6999999999999997,home,0.0014995522334651033,1.6780205060921483e-64,0.0011644112492329112,-7.111881213201578e-19,-1.812243500698727e-64,0.0014995522334651033,1.1438317021790882e-64
start-8-home,75,3.75,home,0.001499552233465109,2.3880589869393186e-65,0.0011644112492329164,-7.111881213201578e-19,-2.577371021323872e-65,0.001499552233465109,1.626679491680371e-65
start-8-home,76,3.8,home,0.0014995522334651094,3.398542382472639e-66,0.001164411249232917,-7.111881213201578e-19,-3.6655346695953664e-66,0.0014995522334651094,2.3133526885842108e-66
start-8-home,77,3.85,home,0.0014995522334651098,4.836600147504354e-67,0.0011644112492329162,-7.111881213201578e-19,-5.2131199981848595e-67,0.0014995522334651098,3.289892470098845e-67
start-8-home,78,3.9,home,0.0014995522334651024,6.8831547502533676e-68,0.0011644112492329103,-7.111881213201578e-19,-7.4140944132646535e-68,0.0014995522334651024,4.678660722761291e-68
start-8-home,79,3.9499999999999997,home,0.001499552233465112,9.79568333229476e-69,0.0011644112492329183,-9.42484584783732e-19,-1.054431817950509e-68,0.001499552233465112,6.653672163944739e-69
start-8-home,80,4.0,home,0.0014995522334651048,1.394061056765579e-69,0.0011644112492329123,-7.111881213201578e-19,-1.4996119508772803e-69,0.0014995522334651048,9.462398636647797e-70
start-8-home,81,4.05,home,0.0014995522334651146,1.9839407979691757e-70,0.0011644112492329205,-7.111881213201578e-19,-2.1327467219122882e-70,0.0014995522334651146,1.345677768625877e-70
start-8-home,82,4.1,home,0.0014995522334651159,2.8234199336108913e-71,0.0011644112492329212,-4.798916578565835e-19,-3.033190404468738e-71,0.0014995522334651159,1.9137310837205728e-71
start-8-home,83,4.15,home,0.0014995522334651235,4.018112572967989e-72,0.0011644112492329272,-4.798916578565834e-19,-4.313800572396144e-72,0.0014995522334651235,2.721577714474999e-72
start-8-home,84,4.2,home,0.0014995522334651206,5.718321628851588e-73,0.0011644112492329248,-7.111881213201578e-19,-6.135083162266771e-73,0.0014995522334651206,3.870442011655752e-73
start-8-home,85,4.25,home,0.0014995522334651133,8.137948049754218e-74,0.0011644112492329194,-9.42484584783732e-19,-8.725309567804651e-74,0.0014995522334651133,5.504278324785763e-74
start-8-home,86,4.3,home,0.0014995522334651187,1.158140111050215e-74,0.001164411249232924,-9.42484584783732e-19,-1.2409127152873785e-74,0.0014995522334651187,7.82780868361373e-75
start-8-home,87,4.35,home,0.0014995522334651182,1.6481895234693968e-75,0.001164411249232923,-7.111881213201578e-19,-1.7648249096442498e-75,0.0014995522334651182,1.1132174753559953e-75
start-8-home,88,4.4,home,0.0014995522334651048,2.3455951306054694e-76,0.0011644112492329131,-7.111881213201578e-19,-2.50993234522505e-76,0.0014995522334651048,1.58314182898715e-76
start-8-home,89,4.45,home,0.0014995522334651115,3.3380959029496846e-77,0.0011644112492329183,-7.111881213201578e-19,-3.569623447164973e-77,0.0014995522334651115,2.251436114051154e-77
start-8-home,90,4.5,home,0.0014995522334651117,4.750555808970065e-78,0.0011644112492329181,-4.798916578565835e-19,-5.076715146840913e-78,0.0014995522334651117,3.2018385431642375e-78
start-8-home,91,4.55,home,0.0014995522334651102,6.760672460430946e-79,0.0011644112492329166,-7.111881213201578e-19,-7.220099560538557e-79,0.0014995522334651102,4.5534358691270575e-79
start-8-home,92,4.6,home,0.0014995522334651159,9.621332508971359e-80,0.0011644112492329216,-7.111881213201578e-19,-1.0268418880371472e-79,0.0014995522334651159,6.475585116815947e-80
start-8-home,93,4.65,home,0.0014995522334651094,1.3692426203222253e-80,0.001164411249232916,-4.798916578565835e-19,-1.4603735782128796e-80,0.0014995522334651094,9.209134247287925e-81
start-8-home,94,4.7,home,0.0014995522334651022,1.9486123513183685e-81,0.0011644112492329103,-4.798916578565835e-19,-2.0769419448003053e-81,0.0014995522334651022,1.3096600731154805e-81
start-8-home,95,4.75,home,0.0014995522334651126,2.7731307740485804e-82,0.0011644112492329186,-7.111881213201578e-19,-2.9538249023580077e-82,0.0014995522334651126,1.8625089445858867e-82
start-8-home,96,4.8,home,0.0014995522334651152,3.946527260694729e-83,0.0011644112492329203,-9.42484584783732e-19,-4.200927029103453e-83,0.0014995522334651152,2.648732756509921e-83
start-8-home,97,4.85,home,0.0014995522334651154,5.61642186414116e-84,0.001164411249232921,-7.111881213201578e-19,-5.97455451396727e-84,0.0014995522334651154,3.7668464190875515e-84
start-8-home,98,4.9,home,0.001499552233465118,7.992896574425878e-85,0.001164411249232923,-7.111881213201578e-19,-8.497005873483274e-85,0.001499552233465118,5.35695108335411e-85
start-8-home,99,4.95,home,0.0014995522334651042,1.1374924514461274e-85,0.0011644112492329123,-7.111881213201578e-19,-1.2084433851130271e-85,0.0014995522334651042,7.618288998972863e-86
start-8-home,100,5.0,home,0.0014995522334651163,1.6187981943458975e-86,0.0011644112492329218,-7.111881213201578e-19,-1.718647058466467e-86,0.0014995522334651163,1.0834208827804127e-86
start-8-hold,1,0.05,home,0.10966436521267577,0.010898548260434307,-0.03092270990915756,0.08289883460716814,-0.01229959353818246,-0.10966436521267577,0.0077747896050631244
start-8-hold,2,0.1,home,0.014455955935550532,0.0015508333132555822,-0.0035077539466380537,0.011791675899064508,-0.0017566272805696862,-0.014455955935550532,0.0011121663391682078
start-8-hold,3,0.15,home,0.0016772686994631883,0.00022070928833985335,0.0004926463272578204,0.0016772686994631883,-0.0002500189197690211,-0.000779324407828121,0.00015832443336779767
start-8-hold,4,0.2,home,0.0011747623026206661,3.141080369786434e-05,0.001068360343993051,0.00023857764700114595,-3.556159670164728e-05,0.0011747623026206661,2.2519104336062745e-05
start-8-hold,5,0.25,hold,0.0013237069807081787,3.141777912959214e-05,0.0020962278312974983,0.00023857764700114547,-3.555832227477594e-05,0.002498469283328845,2.2516404635986616e-05
start-8-hold,6,0.3,hold,0.001485985676914703,3.141863312520488e-05,0.0022222400074037064,0.0002385776470011457,-3.555721650411738e-05,0.0026607479795353692,2.2515492107059553e-05
start-8-hold,7,0.35,hold,0.0014985041468013952,3.14186987734209e-05,0.0022319610887930937,0.00023857764700114522,-3.555702596127162e-05,0.0026732664494220613,2.251533480951447e-05
start-8-hold,8,0.4,hold,0.0014994603020955862,3.141870374769429e-05,0.0022327036202548457,0.00023857764700114522,-3.5556996431031093e-05,0.0026742226047162523,2.2515310428136932e-05
start-8-hold,9,0.45,hold,0.0014995333106622372,3.141870412083275e-05,0.002232760322894929,0.0002385776470011457,-3.5556992046376745e-05,0.0026742956132829033,2.251530680774182e-05
start-8-hold,10,0.5,hold,0.0014995388849240892,3.141870414822955e-05,0.0022327646529855714,0.0002385776470011457,-3.555699140871704e-05,0.0026743011875447554,2.251530628121027e-05
start-8-hold,11,0.55,hold,0.0014995393104709634,3.1418704150145354e-05,0.002232764983664385,0.0002385776470011457,-3.555699131696e-05,0.0026743016130916296,2.2515306205442838e-05
start-8-hold,12,0.6,hold,0.001499539342950348,3.14187041502637e-05,0.002232765008919248,0.00023857764700114595,-3.555699130382948e-05,0.002674301645571014,2.251530619460034e-05
start-8-hold,13,0.65,hold,0.0014995393454282436,3.141870415026835e-05,0.0022327650108482765,0.00023857764700114595,-3.5556991301956e-05,0.0026743016480489097,2.2515306193053307e-05
start-8-hold,14,0.7,hold,0.0014995393456171385,3.141870415026802e-05,0.002232765010995659,0.0002385776470011452,-3.55569913016891e-05,0.0026743016482378046,2.251530619283292e-05
start-8-hold,15,0.75,hold,0.001499539345631522,3.141870415026788e-05,0.002232765011006927,0.0002385776470011454,-3.555699130165112e-05,0.002674301648252188,2.251530619280155e-05
start-8-hold,16,0.8,hold,0.0014995393456326126,3.1418704150267875e-05,0.0022327650110077874,0.0002385776470011454,-3.555699130164571e-05,0.0026743016482532788,2.2515306192797087e-05
start-8-hold,17,0.85,hold,0.0014995393456326968,3.1418704150267875e-05,0.002232765011007856,0.00023857764700114538,-3.555699130164495e-05,0.002674301648253363,2.2515306192796453e-05
start-8-hold,18,0.9,hold,0.0014995393456326994,3.1418704150267875e-05,0.0022327650110078572,0.00023857764700114538,-3.555699130164483e-05,0.0026743016482533655,2.251530619279636e-05
start-8-hold,19,0.95,hold,0.0014995393456326898,3.1418704150267875e-05,0.0022327650110078503,0.00023857764700114538,-3.555699130164483e-05,0.002674301648253356,2.2515306192796355e-05
start-8-hold,20,1.0,hold,0.0014995393456327033,3.1418704150267875e-05,0.002232765011007861,0.00023857764700114538,-3.555699130164483e-05,0.0026743016482533694,2.2515306192796355e-05
start-8-hold,21,1.05,hold,0.0014995393456326994,3.1418704150267875e-05,0.0022327650110078577,0.00023857764700114538,-3.555699130164483e-05,0.0026743016482533655,2.2515306192796355e-05
start-8-hold,22,1.1,hold,0.0014995393456327028,3.1418704150267875e-05,0.0022327650110078603,0.00023857764700114563,-3.555699130164483e-05,0.002674301648253369,2.2515306192796355e-05
start-8-hold,23,1.15,hold,0.0014995393456326942,3.1418704150267875e-05,0.0022327650110078533,0.0002385776470011456,-3.555699130164483e-05,0.0026743016482533603,2.2515306192796355e-05
start-8-hold,24,1.2,hold,0.0014995393456326985,3.1418704150267875e-05,0.0022327650110078572,0.00023857764700114536,-3.555699130164483e-05,0.0026743016482533646,2.2515306192796355e-05
start-8-hold,25,1.25,hold,0.0014995393456326968,3.1418704150267875e-05,0.0022327650110078555,0.00023857764700114536,-3.555699130164483e-05,0.002674301648253363,2.2515306192796355e-05
start-8-hold,26,1.3,hold,0.0014995393456327072,3.1418704150267875e-05,0.002232765011007864,0.00023857764700114536,-3.555699130164483e-05,0.0026743016482533733,2.2515306192796355e-05
start-8-hold,27,1.35,hold,0.001499539345632699,3.1418704150267875e-05,0.0022327650110078572,0.00023857764700114536,-3.555699130164483e-05,0.002674301648253365,2.2515306192796355e-05
start-8-hold,28,1.4,hold,0.0014995393456326929,3.1418704150267875e-05,0.002232765011007852,0.0002385776470011456,-3.555699130164483e-05,0.002674301648253359,2.2515306192796355e-05
start-8-hold,29,1.45,hold,0.0014995393456326955,3.1418704150267875e-05,0.0022327650110078546,0.00023857764700114585,-3.555699130164483e-05,0.0026743016482533616,2.2515306192796355e-05
start-8-hold,30,1.5,hold,0.0014995393456327015,3.1418704150267875e-05,0.002232765011007859,0.00023857764700114536,-3.555699130164483e-05,0.0026743016482533677,2.2515306192796355e-05
start-8-hold,31,1.55,hold,0.001499539345632698,3.1418704150267875e-05,0.002232765011007856,0.00023857764700114585,-3.555699130164483e-05,0.002674301648253364,2.2515306192796355e-05
start-8-hold,32,1.6,hold,0.0014995393456326907,3.1418704150267875e-05,0.0022327650110078507,0.00023857764700114585,-3.555699130164483e-05,0.002674301648253357,2.2515306192796355e-05
start-8-hold,33,1.65,hold,0.0014995393456327024,3.1418704150267875e-05,0.0022327650110078603,0.00023857764700114536,-3.555699130164483e-05,0.0026743016482533685,2.2515306192796355e-05
start-8-hold,34,1.7,hold,0.0014995393456326985,3.1418704150267875e-05,0.002232765011007857,0.00023857764700114536,-3.555699130164483e-05,0.0026743016482533646,2.2515306192796355e-05
start-8-hold,35,1.75,hold,0.0014995393456326864,3.1418704150267875e-05,0.0022327650110078472,0.00023857764700114585,-3.555699130164483e-05,0.0026743016482533525,2.2515306192796355e-05
start-8-hold,36,1.8,hold,0.001499539345632702,3.1418704150267875e-05,0.00223276501100786,0.0002385776470011456,-3.555699130164483e-05,0.002674301648253368,2.2515306192796355e-05
start-8-hold,37,1.8499999999999999,hold,0.0014995393456326955,3.1418704150267875e-05,0.002232765011007855,0.00023857764700114536,-3.555699130164483e-05,0.0026743016482533616,2.2515306192796355e-05
start-8-hold,38,1.9,hold,0.001499539345632685,3.1418704150267875e-05,0.0022327650110078464,0.00023857764700114536,-3.555699130164483e-05,0.002674301648253351,2.2515306192796355e-05
start-8-hold,39,1.95,hold,0.0014995393456327024,3.1418704150267875e-05,0.0022327650110078603,0.00023857764700114585,-3.555699130164483e-05,0.0026743016482533685,2.2515306192796355e-05
start-8-hold,40,2.0,hold,0.0014995393456326942,3.1418704150267875e-05,0.002232765011007854,0.0002385776470011451,-3.555699130164483e-05,0.0026743016482533603,2.2515306192796355e-05
start-8-hold,41,2.05,hold,0.001499539345632686,3.1418704150267875e-05,0.0022327650110078472,0.0002385776470011456,-3.555699130164483e-05,0.002674301648253352,2.2515306192796355e-05
start-8-hold,42,2.1,hold,0.001499539345632698,3.1418704150267875e-05,0.002232765011007857,0.00023857764700114585,-3.555699130164483e-05,0.002674301648253364,2.2515306192796355e-05
start-8-hold,43,2.15,hold,0.0014995393456326994,3.1418704150267875e-05,0.002232765011007858,0.0002385776470011451,-3.555699130164483e-05,0.0026743016482533655,2.2515306192796355e-05
start-8-hold,44,2.2,hold,0.001499539345632688,3.1418704150267875e-05,0.002232765011007849,0.0002385776470011456,-3.555699130164483e-05,0.0026743016482533542,2.2515306192796355e-05
start-8-hold,45,2.25,hold,0.0014995393456327002,3.1418704150267875e-05,0.0022327650110078585,0.00023857764700114585,-3.555699130164483e-05,0.0026743016482533664,2.2515306192796355e-05
start-8-hold,46,2.3,hold,0.001499539345632699,3.1418704150267875e-05,0.0022327650110078572,0.00023857764700114536,-3.555699130164483e-05,0.002674301648253365,2.2515306192796355e-05
start-8-hold,47,2.35,hold,0.0014995393456326929,3.1418704150267875e-05,0.002232765011007852,0.0002385776470011456,-3.555699130164483e-05,0.002674301648253359,2.2515306192796355e-05
start-8-hold,48,2.4,hold,0.0014995393456326955,3.1418704150267875e-05,0.0022327650110078546,0.00023857764700114585,-3.555699130164483e-05,0.0026743016482533616,2.2515306192796355e-05
start-8-hold,49,2.45,hold,0.0014995393456327015,3.1418704150267875e-05,0.002232765011007859,0.00023857764700114536,-3.555699130164483e-05,0.0026743016482533677,2.2515306192796355e-05
start-8-hold,50,2.5,hold,0.001499539345632698,3.1418704150267875e-05,0.002232765011007856,0.00023857764700114585,-3.555699130164483e-05,0.002674301648253364,2.2515306192796355e-05
start-8-hold,51,2.55,hold,0.0014995393456326907,3.1418704150267875e-05,0.0022327650110078507,0.00023857764700114585,-3.555699130164483e-05,0.002674301648253357,2.2515306192796355e-05
start-8-hold,52,2.6,hold,0.0014995393456327024,3.1418704150267875e-05,0.0022327650110078603,0.00023857764700114536,-3.555699130164483e-05,0.0026743016482533685,2.2515306192796355e-05
start-8-hold,53,2.65,hold,0.0014995393456326985,3.1418704150267875e-05,0.002232765011007857,0.00023857764700114536,-3.555699130164483e-05,0.0026743016482533646,2.2515306192796355e-05
start-8-hold,54,2.7,hold,0.0014995393456326864,3.1418704150267875e-05,0.0022327650110078472,0.00023857764700114585,-3.555699130164483e-05,0.0026743016482533525,2.2515306192796355e-05
start-8-hold,55,2.75,hold,0.001499539345632702,3.1418704150267875e-05,0.00223276501100786,0.0002385776470011456,-3.555699130164483e-05,0.002674301648253368,2.2515306192796355e-05
start-8-hold,56,2.8,hold,0.0014995393456326955,3.1418704150267875e-05,0.002232765011007855,0.00023857764700114536,-3.555699130164483e-05,0.0026743016482533616,2.2515306192796355e-05
start-8-hold,57,2.85,hold,0.001499539345632685,3.1418704150267875e-05,0.0022327650110078464,0.00023857764700114536,-3.555699130164483e-05,0.002674301648253351,2.2515306192796355e-05
start-8-hold,58,2.9,hold,0.0014995393456327024,3.1418704150267875e-05,0.0022327650110078603,0.00023857764700114585,-3.555699130164483e-05,0.0026743016482533685,2.2515306192796355e-05
start-8-hold,59,2.95,hold,0.0014995393456326942,3.1418704150267875e-05,0.002232765011007854,0.0002385776470011451,-3.555699130164483e-05,0.0026743016482533603,2.2515306192796355e-05
start-8-hold,60,3.0,hold,0.001499539345632686,3.1418704150267875e-05,0.0022327650110078472,0.0002385776470011456,-3.555699130164483e-05,0.002674301648253352,2.2515306192796355e-05
start-8-hold,61,3.05,hold,0.001499539345632698,3.1418704150267875e-05,0.002232765011007857,0.00023857764700114585,-3.555699130164483e-05,0.002674301648253364,2.2515306192796355e-05
start-8-hold,62,3.1,hold,0.0014995393456326994,3.1418704150267875e-05,0.002232765011007858,0.0002385776470011451,-3.555699130164483e-05,0.0026743016482533655,2.2515306192796355e-05
start-8-hold,63,3.15,hold,0.001499539345632688,3.1418704150267875e-05,0.002232765011007849,0.0002385776470011456,-3.555699130164483e-05,0.0026743016482533542,2.2515306192796355e-05
start-8-hold,64,3.2,hold,0.0014995393456327002,3.1418704150267875e-05,0.0022327650110078585,0.00023857764700114585,-3.555699130164483e-05,0.0026743016482533664,2.2515306192796355e-05
start-8-hold,65,3.25,hold,0.001499539345632699,3.1418704150267875e-05,0.0022327650110078572,0.00023857764700114536,-3.555699130164483e-05,0.002674301648253365,2.2515306192796355e-05
start-8-hold,66,3.3,hold,0.0014995393456326929,3.1418704150267875e-05,0.002232765011007852,0.0002385776470011456,-3.555699130164483e-05,0.002674301648253359,2.2515306192796355e-05
start-8-hold,67,3.35,hold,0.0014995393456326955,3.1418704150267875e-05,0.0022327650110078546,0.00023857764700114585,-3.555699130164483e-05,0.0026743016482533616,2.2515306192796355e-05
start-8-hold,68,3.4,hold,0.0014995393456327015,3.1418704150267875e-05,0.002232765011007859,0.00023857764700114536,-3.555699130164483e-05,0.0026743016482533677,2.2515306192796355e-05
start-8-hold,69,3.4499999999999997,hold,0.001499539345632698,3.1418704150267875e-05,0.002232765011007856,0.00023857764700114585,-3.555699130164483e-05,0.002674301648253364,2.2515306192796355e-05
start-8-hold,70,3.5,hold,0.0014995393456326907,3.1418704150267875e-05,0.0022327650110078507,0.00023857764700114585,-3.555699130164483e-05,0.002674301648253357,2.2515306192796355e-05
start-8-hold,71,3.55,hold,0.0014995393456327024,3.1418704150267875e-05,0.0022327650110078603,0.00023857764700114536,-3.555699130164483e-05,0.0026743016482533685,2.2515306192796355e-05
start-8-hold,72,3.6,hold,0.0014995393456326985,3.1418704150267875e-05,0.002232765011007857,0.00023857764700114536,-3.555699130164483e-05,0.0026743016482533646,2.2515306192796355e-05
start-8-hold,73,3.65,hold,0.0014995393456326864,3.1418704150267875e-05,0.0022327650110078472,0.00023857764700114585,-3.555699130164483e-05,0.0026743016482533525,2.2515306192796355e-05
start-8-hold,74,3.6999999999999997,hold,0.001499539345632702,3.1418704150267875e-05,0.00223276501100786,0.0002385776470011456,-3.555699130164483e-05,0.002674301648253368,2.2515306192796355e-05
start-8-hold,75,3.75,hold,0.0014995393456326955,3.1418704150267875e-05,0.002232765011007855,0.00023857764700114536,-3.555699130164483e-05,0.0026743016482533616,2.2515306192796355e-05
start-8-hold,76,3.8,hold,0.001499539345632685,3.1418704150267875e-05,0.0022327650110078464,0.00023857764700114536,-3.555699130164483e-05,0.002674301648253351,2.2515306192796355e-05
start-8-hold,77,3.85,hold,0.0014995393456327024,3.1418704150267875e-05,0.0022327650110078603,0.00023857764700114585,-3.555699130164483e-05,0.0026743016482533685,2.2515306192796355e-05
start-8-hold,78,3.9,hold,0.0014995393456326942,3.1418704150267875e-05,0.002232765011007854,0.0002385776470011451,-3.555699130164483e-05,0.0026743016482533603,2.2515306192796355e-05
start-8-hold,79,3.9499999999999997,hold,0.001499539345632686,3.1418704150267875e-05,0.0022327650110078472,0.0002385776470011456,-3.555699130164483e-05,0.002674301648253352,2.2515306192796355e-05
start-8-hold,80,4.0,hold,0.001499539345632698,3.1418704150267875e-05,0.002232765011007857,0.00023857764700114585,-3.555699130164483e-05,0.002674301648253364,2.2515306192796355e-05
start-8-hold,81,4.05,hold,0.0014995393456326994,3.1418704150267875e-05,0.002232765011007858,0.0002385776470011451,-3.555699130164483e-05,0.0026743016482533655,2.2515306192796355e-05
start-8-hold,82,4.1,hold,0.001499539345632688,3.1418704150267875e-05,0.002232765011007849,0.0002385776470011456,-3.555699130164483e-05,0.0026743016482533542,2.2515306192796355e-05
start-8-hold,83,4.15,hold,0.0014995393456327002,3.1418704150267875e-05,0.0022327650110078585,0.00023857764700114585,-3.555699130164483e-05,0.0026743016482533664,2.2515306192796355e-05
start-8-hold,84,4.2,hold,0.001499539345632699,3.1418704150267875e-05,0.0022327650110078572,0.00023857764700114536,-3.555699130164483e-05,0.002674301648253365,2.2515306192796355e-05
start-8-hold,85,4.25,hold,0.0014995393456326929,3.1418704150267875e-05,0.002232765011007852,0.0002385776470011456,-3.555699130164483e-05,0.002674301648253359,2.2515306192796355e-05
start-8-hold,86,4.3,hold,0.0014995393456326955,3.1418704150267875e-05,0.0022327650110078546,0.00023857764700114585,-3.555699130164483e-05,0.0026743016482533616,2.2515306192796355e-05
start-8-hold,87,4.35,hold,0.0014995393456327015,3.1418704150267875e-05,0.002232765011007859,0.00023857764700114536,-3.555699130164483e-05,0.0026743016482533677,2.2515306192796355e-05
start-8-hold,88,4.4,hold,0.001499539345632698,3.1418704150267875e-05,0.002232765011007856,0.00023857764700114585,-3.555699130164483e-05,0.002674301648253364,2.2515306192796355e-05
start-8-hold,89,4.45,hold,0.0014995393456326907,3.1418704150267875e-05,0.0022327650110078507,0.00023857764700114585,-3.555699130164483e-05,0.002674301648253357,2.2515306192796355e-05
start-8-hold,90,4.5,hold,0.0014995393456327024,3.1418704150267875e-05,0.0022327650110078603,0.00023857764700114536,-3.555699130164483e-05,0.0026743016482533685,2.2515306192796355e-05
start-8-hold,91,4.55,hold,0.0014995393456326985,3.1418704150267875e-05,0.002232765011007857,0.00023857764700114536,-3.555699130164483e-05,0.0026743016482533646,2.2515306192796355e-05
start-8-hold,92,4.6,hold,0.0014995393456326864,3.1418704150267875e-05,0.0022327650110078472,0.00023857764700114585,-3.555699130164483e-05,0.0026743016482533525,2.2515306192796355e-05
start-8-hold,93,4.65,hold,0.001499539345632702,3.1418704150267875e-05,0.00223276501100786,0.0002385776470011456,-3.555699130164483e-05,0.002674301648253368,2.2515306192796355e-05
start-8-hold,94,4.7,hold,0.0014995393456326955,3.1418704150267875e-05,0.002232765011007855,0.00023857764700114536,-3.555699130164483e-05,0.0026743016482533616,2.2515306192796355e-05
start-8-hold,95,4.75,hold,0.001499539345632685,3.1418704150267875e-05,0.0022327650110078464,0.00023857764700114536,-3.555699130164483e-05,0.002674301648253351,2.2515306192796355e-05
start-8-hold,96,4.8,hold,0.0014995393456327024,3.1418704150267875e-05,0.0022327650110078603,0.00023857764700114585,-3.555699130164483e-05,0.0026743016482533685,2.2515306192796355e-05
start-8-hold,97,4.85,hold,0.0014995393456326942,3.1418704150267875e-05,0.002232765011007854,0.0002385776470011451,-3.555699130164483e-05,0.0026743016482533603,2.2515306192796355e-05
start-8-hold,98,4.9,hold,0.001499539345632686,3.1418704150267875e-05,0.0022327650110078472,0.0002385776470011456,-3.555699130164483e-05,0.002674301648253352,2.2515306192796355e-05
start-8-hold,99,4.95,hold,0.001499539345632698,3.1418704150267875e-05,0.002232765011007857,0.00023857764700114585,-3.555699130164483e-05,0.002674301648253364,2.2515306192796355e-05
start-8-hold,100,5.0,hold,0.0014995393456326994,3.1418704150267875e-05,0.002232765011007858,0.0002385776470011451,-3.555699130164483e-05,0.0026743016482533655,2.2515306192796355e-05
motors-disabled-control,1,0.05,home,0.6000766893365747,0.6000766893365747,0.3245572723814866,0.31232968164623504,-0.17426209261068976,-0.11937118757151934,-0.4349227616540601
motors-disabled-control,2,0.1,home,0.6026733169314923,0.6026733169314923,0.5928600635622215,-0.028603768700736484,-0.25278000464308614,-0.015693198802184692,-0.35429342182374
motors-disabled-control,3,0.15,home,0.9401480593077869,0.6075177877871688,0.9401480593077869,-0.42835089822188893,-0.38892118149585536,0.06558965672332409,-0.21619071027753023
motors-disabled-control,4,0.2,home,1.215222149847669,0.6022414450748937,1.215222149847669,-0.6333996073452833,-0.6829018037282745,-0.008677777658582974,0.07549293595121416
motors-disabled-control,5,0.25,home,1.401343024982976,0.5748714485556781,1.401343024982976,-0.6626059553778753,-0.8994700827727504,-0.1694646776935385,0.265483394145656
motors-disabled-control,6,0.3,home,1.4380355849186217,0.5359465387002241,1.4380355849186217,-0.4359435572591315,-0.7860101841267211,-0.38492055140810555,0.07926213421468915
motors-disabled-control,7,0.35,home,1.2810778786026773,0.5063500472846427,1.2810778786026773,0.0915455973860882,-0.6056300100048194,-0.5618329437869192,-0.20948739407988037
motors-disabled-control,8,0.4,home,1.246737209917802,0.5020675995742252,1.246737209917802,0.3598187486894205,-0.5922520578230359,-0.38645966118392394,-0.28617858745500974
motors-disabled-control,9,0.45,home,1.44877424996339,0.5308375077991215,1.4430614231329812,0.2396210678189504,-1.44877424996339,0.0020184184101115325,0.5790236163216358
motors-disabled-control,10,0.5,home,2.3124901996953877,0.5988626039882406,1.6204813426292584,0.31186741160430614,-2.3124901996953877,0.3268944840276678,1.5284109511122128
motors-disabled-control,11,0.55,home,2.198955546400701,0.7086399625611387,1.9431094370722257,0.13159163390867262,-2.198955546400701,0.4501250349536206,1.5611511237615752
motors-disabled-control,12,0.6,home,2.2988978215440707,0.8700860953294881,2.2988978215440707,-0.17359625309860804,-1.933775787388457,0.2865007388680901,1.4678725771021022
motors-disabled-control,13,0.65,home,2.4830339942176303,1.0254053313044584,2.4830339942176303,-0.2540597059576497,-1.8782771748425722,0.009222943843479308,1.551480056845617
motors-disabled-control,14,0.7,home,2.489194844231453,1.123409160003452,2.489194844231453,-0.12769082287914071,-1.9150699876013986,-0.2702740459039694,1.6341107825870629
motors-disabled-control,15,0.75,home,2.3340935282964015,1.160599113506444,2.3340935282964015,0.20817408865397657,-1.8624141090292625,-0.4360065015617341,1.5346405040664528
motors-disabled-control,16,0.8,home,2.164402681618577,1.145696799307143,2.164402681618577,0.5175645537779601,-1.9981779140645246,-0.47498999722737983,1.5838124365314277
motors-disabled-control,17,0.85,home,2.344218624079995,1.1011160198371839,2.0392985997385966,0.6980068744692225,-2.344218624079995,-0.4913819166714713,1.8537693022098682
motors-disabled-control,18,0.9,home,2.774115828708539,1.0359367991692439,1.9548710939593623,0.7600955548429305,-2.774115828708539,-0.5923952521719441,2.224106424862656
motors-disabled-control,19,0.95,home,3.104906094010451,0.9517784864847596,1.9153090751054376,0.7084681873753844,-3.104906094010451,-0.8068412026213632,2.4996381856730494
motors-disabled-control,20,1.0,home,3.3137428299491707,0.8525767010391474,1.9276495493578127,0.5439754136390577,-3.3137428299491707,-1.079586825107096,2.6390705498053326
motors-disabled-control,21,1.05,home,3.463547686268049,0.7374944151418529,1.9936941162228372,0.2671125907625817,-3.463547686268049,-1.3360305596139495,2.6806541647757554
motors-disabled-control,22,1.1,home,3.5982592559747486,0.593777978167256,2.0715263648533693,-0.05670851908382135,-3.5982592559747486,-1.4713288077501547,2.6520489700091794
motors-disabled-control,23,1.15,home,3.6893513237065156,0.4290173046808266,2.0461491795513966,-0.23458981144581453,-3.6893513237065156,-1.3893328198027286,2.5840063075795556
motors-disabled-control,24,1.2,home,3.691536949151181,0.2966219703027032,1.853433795547465,-0.126556614114663,-3.691536949151181,-1.064098652274064,2.5116154169806073
motors-disabled-control,25,1.25,home,3.787916587226755,0.1882988994271302,1.5167934769389946,0.30619870654382486,-3.787916587226755,-0.386830445626263,2.550786058166996
motors-disabled-control,26,1.3,home,4.628366523320009,0.0734313378325937,1.483112138261734,0.272443561692272,-4.628366523320009,0.26444419046625256,3.2732682163019513
motors-disabled-control,27,1.35,home,4.82710670763302,0.031602400456985064,1.7714740090087202,-0.36035340637677155,-4.82710670763302,0.7654638402844991,3.5630709098009175
motors-disabled-control,28,1.4,home,4.464173490997722,0.09792529311211441,1.8368498805087745,-0.6151058272640365,-4.464173490997722,1.0081392602876353,3.493743236244698
motors-disabled-control,29,1.45,home,3.99075337036358,0.20953504289897942,1.717828415520033,-0.5891078979849725,-3.99075337036358,1.13419114490089,3.3432996339352568
motors-disabled-control,30,1.5,home,3.521752077197334,0.3253491587330883,1.4536798038231584,-0.36119457733001553,-3.521752077197334,1.2373237202492688,3.1591007743909816
motors-disabled-control,31,1.55,home,3.1062000239922827,0.41913711946133436,1.0994742553761983,-0.01284235863333636,-3.1062000239922827,1.2815315824199158,2.9930452428802448
motors-disabled-control,32,1.6,home,2.8025260479161207,0.48711381020907074,0.8210593360799061,0.1918977436021512,-2.702641775864557,1.1342068600105437,2.8025260479161207
motors-disabled-control,33,1.65,home,2.3498617367648547,0.5295887112964374,0.7341101813116103,0.06832877917732483,-2.1210982858413368,0.8438160122748182,2.3498617367648547
motors-disabled-control,34,1.7,home,1.4176150098169196,0.5262193764505694,0.7894367207379098,-0.2766343846261498,-1.1264803590273957,0.7390648914211919,1.4176150098169196
motors-disabled-control,35,1.75,home,0.9420080934862333,0.4814952238079976,0.7819741026187661,-0.41373177222907676,-0.4198264462274105,0.9420080934862333,0.8145628583909806
motors-disabled-control,36,1.8,home,1.1050020549913369,0.4256373339463767,0.7347321902757267,-0.3530495545109815,-0.0026382149128915226,1.1050020549913369,0.5351954187372642
motors-disabled-control,37,1.8499999999999999,home,1.1429872538622525,0.3694333813524814,0.6836843621219905,-0.16320821491288798,0.3382546455551821,1.1429872538622525,0.3066943306004129
motors-disabled-control,38,1.9,home,1.061346416702343,0.3164525610494058,0.6613437763806779,0.09106386834818728,0.6840363994715967,1.061346416702343,0.0012496705371504158
motors-disabled-control,39,1.95,home,1.0842233017188208,0.2703007312830098,0.7578053519837241,0.24776303178964393,1.0842233017188208,0.944426400811563,-0.4138922311801504
motors-disabled-control,40,2.0,home,1.5103140024571546,0.23750626617903145,1.0488992098332972,0.1511245608315929,1.5103140024571546,0.8699268584572356,-0.845850832669458
motors-disabled-control,41,2.05,home,1.9611946462202166,0.2403037754566175,1.4898438382997718,-0.17054974298141518,1.9611946462202166,0.7448249756552402,-1.2398848649110754
motors-disabled-control,42,2.1,home,2.729020543534255,0.33808967103432735,1.831696014629693,-0.35586378462229595,2.729020543534255,0.6120932662339587,-1.8450876474599571
motors-disabled-control,43,2.15,home,3.5886199836380683,0.5755548559053402,1.9425811512347264,-0.2641582573948398,3.5886199836380683,0.6421719844593681,-2.348703393599987
motors-disabled-control,44,2.2,home,4.189431352848402,0.8930906672381158,1.8522355544636413,0.04257360155729592,4.189431352848402,0.5115813628080219,-2.479779262523581
motors-disabled-control,45,2.25,home,5.160627756355946,1.1906660517076206,1.7006375920860843,0.3811974275020766,5.160627756355946,0.07236096529981345,-3.090340935054332
motors-disabled-control,46,2.3,home,5.775203866797823,1.2995891865021767,1.5742083600493166,0.8731745400408669,5.775203866797823,-0.6491591839846941,-3.6310546167558457
motors-disabled-control,47,2.35,home,5.59212348523326,1.3374600883322918,1.6876363174921778,0.9409602928741594,5.59212348523326,-1.1309200157838395,-3.5324672153518035
motors-disabled-control,48,2.4,home,5.3429980636626455,1.3418363863755518,1.898120060100502,0.7508228552536462,5.3429980636626455,-1.4139028738662536,-3.443008980520914
motors-disabled-control,49,2.45,home,5.04611941348136,1.3040786927073629,2.177743343672888,0.33815421784165695,5.04611941348136,-1.5438638129039406,-3.291254463119432
motors-disabled-control,50,2.5,home,4.708200642931701,1.2151738724240344,2.488625303076759,-0.21498935640810024,4.708200642931701,-1.535975786136758,-3.0358308431408556
motors-disabled-control,51,2.55,home,4.315093517441196,1.0499157642822727,2.6289847369898043,-0.5332617536811987,4.315093517441196,-1.4641306328472892,-2.805816518057425
motors-disabled-control,52,2.6,home,3.8609800326356787,0.7949629320771103,2.5682708830123437,-0.5470889870664363,3.8609800326356787,-1.3853619384531783,-2.626262075377667
motors-disabled-control,53,2.65,home,3.3903615155245435,0.48691335940711716,2.3012454981349957,-0.2273473422736002,3.3903615155245435,-1.2260573808154343,-2.465002477095926
motors-disabled-control,54,2.7,home,2.901324147119091,0.20335580941495718,1.8346715348154494,0.4461772112535372,2.901324147119091,-0.7898199522420912,-2.1902199313751116
motors-disabled-control,55,2.75,home,1.9861580195251414,0.023181812530641895,1.5128681316301908,0.916119695297373,1.9861580195251414,-0.35215556644210816,-1.4090442608416
motors-disabled-control,56,2.8,home,1.4045995140541454,-0.08769750260901399,1.4045995140541454,1.019078180781797,0.6332221686848872,-0.38838990501164244,-0.2020447543142842
motors-disabled-control,57,2.85,home,1.474755179638802,-0.17203331685677448,1.474755179638802,0.7963080061712423,0.013285981600546774,-0.5358356460191964,0.25900137191378053
motors-disabled-control,58,2.9,home,1.8165611532673298,-0.2703288186209125,1.8165611532673298,0.05044165867211772,-0.7646435049735446,-0.37640790112120437,0.9058196563050595
motors-disabled-control,59,2.95,home,2.3776272179096845,-0.34764588142160524,2.123074297238622,-0.7346060075938811,-2.280805884878945,-0.5734611613978627,2.3776272179096845
motors-disabled-control,60,3.0,home,2.5553728633617347,-0.3571568997898735,2.054128144450335,-0.9321934661675466,-2.4090724196261593,-0.9680512328110763,2.5553728633617347
motors-disabled-control,61,3.05,home,2.558449026766396,-0.353813678853572,1.7990500384553647,-0.8073953771362934,-2.328563607017021,-1.1829232849666724,2.558449026766396
motors-disabled-control,62,3.1,home,2.43082818713909,-0.3482189754530909,1.3866081987932153,-0.3587673883437377,-2.1505234531052198,-1.202986858067931,2.43082818713909
motors-disabled-control,63,3.15,home,2.0739746501315897,-0.32403779370891667,0.852912032310286,0.380733590029923,-1.788980052734677,-0.9470966382886896,2.0739746501315897
motors-disabled-control,64,3.2,home,1.6514535892949023,-0.2590448350673717,0.5656927986475574,0.7490558629295323,-1.258638330932063,-0.6408226965266627,1.6514535892949023
motors-disabled-control,65,3.25,home,1.0856945823324111,-0.17772668854649037,0.5252455272624881,0.7317771553683717,-0.5520164120376839,-0.38682513824073117,1.0856945823324111
motors-disabled-control,66,3.3,home,1.0182026126969748,-0.10526257961717123,0.7420165002166063,0.31186809330050175,1.0182026126969748,-0.2142442701948495,-0.4004429287764876
motors-disabled-control,67,3.35,home,2.3259867035238737,-0.0729226315147589,1.2253816773913102,-0.523406804669322,2.3259867035238737,-0.6258335211815577,-1.7387801477401341
motors-disabled-control,68,3.4,home,2.329642864681267,-0.0710797010510655,1.5302968160446104,-0.9710302873998213,2.329642864681267,-0.8927638220019255,-1.8128411798830586
motors-disabled-control,69,3.4499999999999997,home,2.1953107059506163,-0.07420468985180965,1.7409343838184013,-1.1810217899032123,2.1953107059506163,-1.0000471500685417,-1.7368563306037998
motors-disabled-control,70,3.5,home,1.9912802159856302,-0.08171417251939714,1.8785029363636523,-1.211675944872982,1.9912802159856302,-1.0356566624425918,-1.5567981429549673
motors-disabled-control,71,3.55,home,1.9127010713277028,-0.09870027301924834,1.9127010713277028,-1.0441282233950093,1.719373116379843,-1.0556144621273775,-1.2634574123852347
motors-disabled-control,72,3.6,home,1.7758033407576468,-0.1390118451407601,1.7758033407576468,-0.5937450507870508,1.3612035184357476,-1.1103114986831575,-0.8368793593248182
motors-disabled-control,73,3.65,home,1.3792304407307585,-0.24671762680460818,1.3792304407307585,0.26362886551294307,0.8915998680890778,-1.1743357622242088,-0.3093469458222074
motors-disabled-control,74,3.6999999999999997,home,1.1476902122835435,-0.42228327324298137,1.1476902122835435,0.7462576806947211,0.5331310962321223,-0.9644065852730146,-0.10870931157391729
motors-disabled-control,75,3.75,home,1.1257041597295627,-0.6176413156351573,1.1257041597295627,0.7851544365734823,0.3720596370132546,-0.4894501086942671,-0.17230125305942276
motors-disabled-control,76,3.8,home,1.6828742511739772,-0.8450514002052516,1.2936020765523493,0.5362359064036709,1.6583425992558922,0.10368406704076263,-1.6828742511739772
motors-disabled-control,77,3.85,home,2.3499369376882435,-1.1766667142228862,1.476820886797211,0.5115224812309387,1.9903999528718872,0.4777524801131034,-2.3499369376882435
motors-disabled-control,78,3.9,home,2.357525615736936,-1.6760287919398698,1.6903184754006944,0.3597402092222473,1.511573091473623,0.45081706630759183,-2.357525615736936
motors-disabled-control,79,3.9499999999999997,home,2.2853441043194005,-2.2853441043194005,1.708395578332538,0.4780331067775403,0.22255381986669343,0.025311137430710222,-1.6002583757402735
motors-disabled-control,80,4.0,home,2.3273858062158115,-2.3273858062158115,1.7143595282065955,0.6510246347351852,-0.6257774024709047,-0.518104259856478,-0.843351088332416
motors-disabled-control,81,4.05,home,2.3400160756045527,-2.3400160756045527,1.8999790702001897,0.43907847836099234,-0.8921224370753817,-0.8261987424354726,-0.6666382116106994
motors-disabled-control,82,4.1,home,2.413189674906327,-2.413189674906327,2.203865769090392,-0.06517990980888483,-1.254234520671328,-0.9205127548726899,-0.3893654756680455
motors-disabled-control,83,4.15,home,2.6145889492659338,-2.6145889492659338,2.4096379931809464,-0.47369439264192437,-1.7168684810960635,-0.899567093688808,-0.10127619170562713
motors-disabled-control,84,4.2,home,2.9210002243835786,-2.9210002243835786,2.3870896578092853,-0.5324056122997698,-2.1482891329225207,-0.911159195472284,0.034471909172634596
motors-disabled-control,85,4.25,home,3.247202121667552,-3.247202121667552,2.1484860530245165,-0.2455185540747429,-2.4377273010711566,-0.8703712574422866,0.005266254495257819
motors-disabled-control,86,4.3,home,3.50035895245496,-3.50035895245496,1.7059718315531884,0.39934753679749496,-2.425851794497428,-0.5703480918194928,-0.24489968695193398
motors-disabled-control,87,4.35,home,3.6703677245491373,-3.6703677245491373,1.4064780514938608,0.8110509277559123,-1.9705621979115304,-0.29033176890855844,-0.8354135627407092
motors-disabled-control,88,4.4,home,3.800451872216787,-3.800451872216787,1.270472539579456,0.9219653993301862,-1.3444327016298756,-0.25822394960309447,-1.5649735754580332
motors-disabled-control,89,4.45,home,3.9110626074478927,-3.9110626074478927,1.2673445089660231,0.8092999949538959,-1.158297778113636,-0.33445526935255115,-1.839490845606587
motors-disabled-control,90,4.5,home,4.010392784348196,-4.010392784348196,1.4497351475311964,0.3871815648343677,-1.4514679038235847,-0.4077608707808531,-1.6047767947150424
motors-disabled-control,91,4.55,home,4.068201818656423,-4.068201818656423,1.8436027504941295,-0.39113544643832193,-1.9753885228572716,-0.484000193163933,-1.054015485870346
motors-disabled-control,92,4.6,home,4.067894071637153,-4.067894071637153,1.995478494387006,-0.7516617672728299,-1.9556312107063885,-0.39337310658773816,-1.021899255350414
motors-disabled-control,93,4.65,home,4.045522183337019,-4.045522183337019,1.9461017179118094,-0.7892290720757583,-1.4587501058733716,-0.21426869921057642,-1.4837614928810963
motors-disabled-control,94,4.7,home,4.023645925227896,-4.023645925227896,1.7405408656910633,-0.6051712506571488,-0.1303772653899855,-0.1779729303187369,-2.803110781167291
motors-disabled-control,95,4.75,home,3.994590813907675,-3.994590813907675,1.3250015507148698,-0.07844270721438834,0.5074291033167313,-0.4977342606765401,-3.411480854639026
motors-disabled-control,96,4.8,home,3.9867213708006815,-3.9867213708006815,0.9102708902856481,0.40493597638429474,0.7643770823644437,-0.6277381895843269,-3.6277402158423775
motors-disabled-control,97,4.85,home,4.081934349253605,-3.9917839462017133,0.7279811664192533,0.49436727783230433,1.2258960902332812,-0.5792169085246277,-4.081934349253605
motors-disabled-control,98,4.9,home,4.787408396612331,-4.008055726238803,0.765600747659233,0.2575131087438991,1.8967513296147742,-0.6257830014921522,-4.787408396612331
motors-disabled-control,99,4.95,home,5.375652121235115,-4.045534590068951,0.9928076670328618,-0.22370034413863604,2.4208453550120232,-0.8099590611043845,-5.375652121235115
motors-disabled-control,100,5.0,home,5.690338422742412,-4.099213148688524,1.1907906561393564,-0.565517805025743,2.7007887870707794,-0.8708293872052677,-5.690338422742412
